0 verbose cli /usr/local/bin/node /usr/local/bin/npm
1 info using npm@10.9.3
2 info using node@v22.19.0
3 silly config load:file:/usr/local/lib/node_modules/npm/npmrc
4 silly config load:file:/srv/agent-workspaces/bakery-traceability/p0-svelte-check/.npmrc
5 silly config load:file:/srv/agent-workspaces/bakery-traceability/p0-svelte-check/.home/.npmrc
6 silly config load:file:/usr/local/etc/npmrc
7 verbose title npm install node@22.14.0
8 verbose argv "install" "--no-save" "node@22.14.0"
9 verbose logfile logs-max:10 dir:/srv/agent-workspaces/bakery-traceability/p0-svelte-check/.home/.npm/_logs/2026-09-23T03_05_49_421Z-
10 verbose logfile /srv/agent-workspaces/bakery-traceability/p0-svelte-check/.home/.npm/_logs/2026-09-23T03_05_49_421Z-debug-0.log
11 silly logfile done cleaning log files
12 silly packumentCache heap:4345298944 maxSize:1086324736 maxEntrySize:543162368
13 silly idealTree buildDeps
14 silly fetch manifest node@22.14.0
15 silly packumentCache full:https://registry.npmjs.org/node cache-miss
16 http fetch GET 200 https://registry.npmjs.org/node 701ms (cache miss)
17 silly packumentCache full:https://registry.npmjs.org/node set size:undefined disposed:false
18 silly placeDep ROOT node@22.14.0 OK for: bakery-traceability@0.0.1 want: 22.14.0
19 silly fetch manifest node-bin-setup@^1.0.0
20 silly packumentCache full:https://registry.npmjs.org/node-bin-setup cache-miss
21 http fetch GET 200 https://registry.npmjs.org/node-bin-setup 253ms (cache miss)
22 silly packumentCache full:https://registry.npmjs.org/node-bin-setup set size:undefined disposed:false
23 silly placeDep ROOT node-bin-setup@1.1.4 OK for: node@22.14.0 want: ^1.0.0
24 silly reify moves {}
25 silly audit bulk request {
25 silly audit   '@cacheable/memory': [ '2.2.0' ],
25 silly audit   '@cacheable/utils': [ '2.5.0' ],
25 silly audit   '@ecies/ciphers': [ '0.2.6' ],
25 silly audit   '@eslint-community/eslint-utils': [ '4.10.1' ],
25 silly audit   'eslint-visitor-keys': [ '3.4.3', '5.0.1', '4.2.1' ],
25 silly audit   '@eslint-community/regexpp': [ '4.12.2' ],
25 silly audit   '@eslint/config-array': [ '0.23.5' ],
25 silly audit   '@eslint/config-helpers': [ '0.7.0' ],
25 silly audit   '@eslint/core': [ '1.2.1' ],
25 silly audit   '@eslint/js': [ '10.0.1' ],
25 silly audit   '@eslint/object-schema': [ '3.0.5' ],
25 silly audit   '@eslint/plugin-kit': [ '0.7.3' ],
25 silly audit   '@humanfs/core': [ '0.19.2' ],
25 silly audit   '@humanfs/node': [ '0.16.8' ],
25 silly audit   '@humanfs/types': [ '0.15.0' ],
25 silly audit   '@humanwhocodes/module-importer': [ '1.0.1' ],
25 silly audit   '@humanwhocodes/retry': [ '0.4.3' ],
25 silly audit   '@jridgewell/gen-mapping': [ '0.3.13' ],
25 silly audit   '@jridgewell/remapping': [ '2.3.5' ],
25 silly audit   '@jridgewell/resolve-uri': [ '3.1.2' ],
25 silly audit   '@jridgewell/sourcemap-codec': [ '1.6.0' ],
25 silly audit   '@jridgewell/trace-mapping': [ '0.3.31' ],
25 silly audit   '@keyv/bigmap': [ '1.3.1' ],
25 silly audit   '@keyv/serialize': [ '1.1.1' ],
25 silly audit   '@noble/ciphers': [ '1.3.0' ],
25 silly audit   '@noble/curves': [ '1.9.7' ],
25 silly audit   '@noble/hashes': [ '1.8.0' ],
25 silly audit   '@oxc-project/types': [ '0.149.0' ],
25 silly audit   '@polka/url': [ '1.0.0-next.29' ],
25 silly audit   '@rolldown/binding-android-arm-eabi': [ '1.2.8' ],
25 silly audit   '@rolldown/binding-android-arm64': [ '1.2.8' ],
25 silly audit   '@rolldown/binding-darwin-arm64': [ '1.2.8' ],
25 silly audit   '@rolldown/binding-darwin-x64': [ '1.2.8' ],
25 silly audit   '@rolldown/binding-freebsd-x64': [ '1.2.8' ],
25 silly audit   '@rolldown/binding-linux-arm-gnueabihf': [ '1.2.8' ],
25 silly audit   '@rolldown/binding-linux-arm64-gnu': [ '1.2.8' ],
25 silly audit   '@rolldown/binding-linux-arm64-musl': [ '1.2.8' ],
25 silly audit   '@rolldown/binding-linux-ppc64-gnu': [ '1.2.8' ],
25 silly audit   '@rolldown/binding-linux-s390x-gnu': [ '1.2.8' ],
25 silly audit   '@rolldown/binding-linux-x64-gnu': [ '1.2.8' ],
25 silly audit   '@rolldown/binding-linux-x64-musl': [ '1.2.8' ],
25 silly audit   '@rolldown/binding-openharmony-arm64': [ '1.2.8' ],
25 silly audit   '@rolldown/binding-win32-arm64-msvc': [ '1.2.8' ],
25 silly audit   '@rolldown/binding-win32-x64-msvc': [ '1.2.8' ],
25 silly audit   '@rolldown/pluginutils': [ '1.0.1' ],
25 silly audit   '@standard-schema/spec': [ '1.1.0' ],
25 silly audit   '@supabase/auth-js': [ '2.116.0' ],
25 silly audit   '@supabase/cli-darwin-arm64': [ '2.117.0' ],
25 silly audit   '@supabase/cli-darwin-x64': [ '2.117.0' ],
25 silly audit   '@supabase/cli-linux-arm64': [ '2.117.0' ],
25 silly audit   '@supabase/cli-linux-arm64-musl': [ '2.117.0' ],
25 silly audit   '@supabase/cli-linux-x64': [ '2.117.0' ],
25 silly audit   '@supabase/cli-linux-x64-musl': [ '2.117.0' ],
25 silly audit   '@supabase/cli-windows-arm64': [ '2.117.0' ],
25 silly audit   '@supabase/cli-windows-x64': [ '2.117.0' ],
25 silly audit   '@supabase/functions-js': [ '2.116.0' ],
25 silly audit   '@supabase/phoenix': [ '0.4.5' ],
25 silly audit   '@supabase/postgrest-js': [ '2.116.0' ],
25 silly audit   '@supabase/realtime-js': [ '2.116.0' ],
25 silly audit   '@supabase/ssr': [ '0.12.7' ],
25 silly audit   cookie: [ '1.1.1', '0.6.0' ],
25 silly audit   '@supabase/storage-js': [ '2.116.0' ],
25 silly audit   '@supabase/supabase-js': [ '2.116.0' ],
25 silly audit   '@sveltejs/acorn-typescript': [ '1.0.13' ],
25 silly audit   '@sveltejs/adapter-auto': [ '7.0.1' ],
25 silly audit   '@sveltejs/kit': [ '2.70.3' ],
25 silly audit   '@sveltejs/load-config': [ '0.2.3' ],
25 silly audit   '@sveltejs/vite-plugin-svelte': [ '7.3.0' ],
25 silly audit   'magic-string': [ '1.3.1', '0.30.21' ],
25 silly audit   '@types/chai': [ '5.2.3' ],
25 silly audit   '@types/cookie': [ '0.6.0' ],
25 silly audit   '@types/deep-eql': [ '4.0.2' ],
25 silly audit   '@types/esrecurse': [ '4.3.1' ],
25 silly audit   '@types/estree': [ '1.0.9' ],
25 silly audit   '@types/json-schema': [ '7.0.15' ],
25 silly audit   '@types/node': [ '24.13.4' ],
25 silly audit   '@typescript-eslint/eslint-plugin': [ '8.70.0' ],
25 silly audit   ignore: [ '7.0.9', '5.3.2' ],
25 silly audit   '@typescript-eslint/parser': [ '8.70.0' ],
25 silly audit   '@typescript-eslint/project-service': [ '8.70.0' ],
25 silly audit   '@typescript-eslint/scope-manager': [ '8.70.0' ],
25 silly audit   '@typescript-eslint/tsconfig-utils': [ '8.70.0' ],
25 silly audit   '@typescript-eslint/type-utils': [ '8.70.0' ],
25 silly audit   '@typescript-eslint/types': [ '8.70.0' ],
25 silly audit   '@typescript-eslint/typescript-estree': [ '8.70.0' ],
25 silly audit   '@typescript-eslint/utils': [ '8.70.0' ],
25 silly audit   '@typescript-eslint/visitor-keys': [ '8.70.0' ],
25 silly audit   '@vitest/mocker': [ '5.0.0' ],
25 silly audit   '@vitest/spy': [ '5.0.0' ],
25 silly audit   acorn: [ '8.18.0' ],
25 silly audit   'acorn-jsx': [ '5.3.2' ],
25 silly audit   ajv: [ '6.15.0' ],
25 silly audit   'aria-query': [ '5.3.1' ],
25 silly audit   'assertion-error': [ '2.0.1' ],
25 silly audit   'axobject-query': [ '4.1.0' ],
25 silly audit   'balanced-match': [ '4.0.4' ],
25 silly audit   'brace-expansion': [ '5.0.9' ],
25 silly audit   cacheable: [ '2.5.0' ],
25 silly audit   chai: [ '6.2.2' ],
25 silly audit   chokidar: [ '4.0.3' ],
25 silly audit   clsx: [ '2.1.1' ],
25 silly audit   'cross-spawn': [ '7.0.6' ],
25 silly audit   cssesc: [ '3.0.0' ],
25 silly audit   debug: [ '4.4.3' ],
25 silly audit   'deep-is': [ '0.1.4' ],
25 silly audit   deepmerge: [ '4.3.1' ],
25 silly audit   'detect-libc': [ '2.1.2' ],
25 silly audit   devalue: [ '5.9.2' ],
25 silly audit   eciesjs: [ '0.5.0' ],
25 silly audit   'es-module-lexer': [ '2.3.2' ],
25 silly audit   'escape-string-regexp': [ '4.0.0' ],
25 silly audit   eslint: [ '10.10.0' ],
25 silly audit   'eslint-config-prettier': [ '10.1.8' ],
25 silly audit   'eslint-plugin-svelte': [ '3.23.0' ],
25 silly audit   globals: [ '16.5.0', '17.12.0' ],
25 silly audit   'eslint-scope': [ '9.1.2', '8.4.0' ],
25 silly audit   'esm-env': [ '1.2.2' ],
25 silly audit   espree: [ '11.2.0', '10.4.0' ],
25 silly audit   esquery: [ '1.7.0' ],
25 silly audit   esrap: [ '2.3.7' ],
25 silly audit   esrecurse: [ '4.3.0' ],
25 silly audit   estraverse: [ '5.3.0' ],
25 silly audit   'estree-walker': [ '3.0.3' ],
25 silly audit   esutils: [ '2.0.3' ],
25 silly audit   'expect-type': [ '1.4.0' ],
25 silly audit   'fast-deep-equal': [ '3.1.3' ],
25 silly audit   'fast-json-stable-stringify': [ '2.1.0' ],
25 silly audit   'fast-levenshtein': [ '2.0.6' ],
25 silly audit   fdir: [ '6.5.0' ],
25 silly audit   'file-entry-cache': [ '11.1.5' ],
25 silly audit   'find-up': [ '5.0.0' ],
25 silly audit   'flat-cache': [ '6.1.23' ],
25 silly audit   flatted: [ '3.4.4' ],
25 silly audit   fsevents: [ '2.3.3' ],
25 silly audit   'glob-parent': [ '6.0.2' ],
25 silly audit   hashery: [ '1.5.1' ],
25 silly audit   hookified: [ '1.15.1', '2.2.0' ],
25 silly audit   'iceberg-js': [ '0.8.1' ],
25 silly audit   imurmurhash: [ '0.1.4' ],
25 silly audit   'is-extglob': [ '2.1.1' ],
25 silly audit   'is-glob': [ '4.0.3' ],
25 silly audit   'is-reference': [ '3.0.3' ],
25 silly audit   isexe: [ '2.0.0' ],
25 silly audit   jose: [ '6.2.12' ],
25 silly audit   'json-schema-traverse': [ '0.4.1' ],
25 silly audit   'json-stable-stringify-without-jsonify': [ '1.0.1' ],
25 silly audit   keyv: [ '5.6.0' ],
25 silly audit   kleur: [ '4.1.5' ],
25 silly audit   'known-css-properties': [ '0.37.0' ],
25 silly audit   levn: [ '0.4.1' ],
25 silly audit   lightningcss: [ '1.33.0' ],
25 silly audit   'lightningcss-android-arm64': [ '1.33.0' ],
25 silly audit   'lightningcss-darwin-arm64': [ '1.33.0' ],
25 silly audit   'lightningcss-darwin-x64': [ '1.33.0' ],
25 silly audit   'lightningcss-freebsd-x64': [ '1.33.0' ],
25 silly audit   'lightningcss-linux-arm-gnueabihf': [ '1.33.0' ],
25 silly audit   'lightningcss-linux-arm64-gnu': [ '1.33.0' ],
25 silly audit   'lightningcss-linux-arm64-musl': [ '1.33.0' ],
25 silly audit   'lightningcss-linux-x64-gnu': [ '1.33.0' ],
25 silly audit   'lightningcss-linux-x64-musl': [ '1.33.0' ],
25 silly audit   'lightningcss-win32-arm64-msvc': [ '1.33.0' ],
25 silly audit   'lightningcss-win32-x64-msvc': [ '1.33.0' ],
25 silly audit   lilconfig: [ '2.1.0' ],
25 silly audit   'locate-character': [ '3.0.0' ],
25 silly audit   'locate-path': [ '6.0.0' ],
25 silly audit   minimatch: [ '10.2.6' ],
25 silly audit   mri: [ '1.2.0' ],
25 silly audit   mrmime: [ '2.0.1' ],
25 silly audit   ms: [ '2.1.3' ],
25 silly audit   nanoid: [ '3.3.19' ],
25 silly audit   'natural-compare': [ '1.4.0' ],
25 silly audit   obug: [ '2.2.1' ],
25 silly audit   optionator: [ '0.9.4' ],
25 silly audit   'p-limit': [ '3.1.0' ],
25 silly audit   'p-locate': [ '5.0.0' ],
25 silly audit   'path-exists': [ '4.0.0' ],
25 silly audit   'path-key': [ '3.1.1' ],
25 silly audit   picocolors: [ '1.1.1' ],
25 silly audit   picomatch: [ '4.0.7' ],
25 silly audit   postcss: [ '8.5.28' ],
25 silly audit   'postcss-load-config': [ '3.1.4' ],
25 silly audit   yaml: [ '1.10.3' ],
25 silly audit   'postcss-safe-parser': [ '7.1.0' ],
25 silly audit   'postcss-scss': [ '4.0.9' ],
25 silly audit   'postcss-selector-parser': [ '7.1.6' ],
25 silly audit   'prelude-ls': [ '1.2.1' ],
25 silly audit   prettier: [ '3.9.6' ],
25 silly audit   'prettier-plugin-svelte': [ '4.1.1' ],
25 silly audit   punycode: [ '2.3.1' ],
25 silly audit   qified: [ '0.10.1' ],
25 silly audit   readdirp: [ '4.1.2' ],
25 silly audit   rolldown: [ '1.2.8' ],
25 silly audit   sade: [ '1.8.1' ],
25 silly audit   semver: [ '7.8.5' ],
25 silly audit   'set-cookie-parser': [ '3.1.2' ],
25 silly audit   'shebang-command': [ '2.0.0' ],
25 silly audit   'shebang-regex': [ '3.0.0' ],
25 silly audit   siginfo: [ '2.0.0' ],
25 silly audit   sirv: [ '3.0.2' ],
25 silly audit   'source-map-js': [ '1.2.1' ],
25 silly audit   stackback: [ '0.0.2' ],
25 silly audit   'std-env': [ '4.2.0' ],
25 silly audit   supabase: [ '2.117.0' ],
25 silly audit   svelte: [ '5.57.0' ],
25 silly audit   'svelte-check': [ '4.7.6' ],
25 silly audit   'svelte-eslint-parser': [ '1.8.1' ],
25 silly audit   tinybench: [ '6.1.4' ],
25 silly audit   tinyexec: [ '1.3.0' ],
25 silly audit   tinyglobby: [ '0.2.17' ],
25 silly audit   totalist: [ '3.0.1' ],
25 silly audit   'ts-api-utils': [ '2.5.0' ],
25 silly audit   tslib: [ '2.8.1' ],
25 silly audit   'type-check': [ '0.4.0' ],
25 silly audit   typescript: [ '6.0.3' ],
25 silly audit   'typescript-eslint': [ '8.70.0' ],
25 silly audit   'undici-types': [ '7.18.2' ],
25 silly audit   'uri-js': [ '4.4.1' ],
25 silly audit   'util-deprecate': [ '1.0.2' ],
25 silly audit   vite: [ '8.3.0' ],
25 silly audit   vitefu: [ '1.1.3' ],
25 silly audit   vitest: [ '5.0.0' ],
25 silly audit   which: [ '2.0.2' ],
25 silly audit   'why-is-node-running': [ '2.3.0' ],
25 silly audit   'word-wrap': [ '1.2.5' ],
25 silly audit   'yocto-queue': [ '0.1.0' ],
25 silly audit   zimmerframe: [ '1.1.5' ],
25 silly audit   node: [ '22.14.0' ],
25 silly audit   'node-bin-setup': [ '1.1.4' ]
25 silly audit }
26 verbose reify failed optional dependency /srv/agent-workspaces/bakery-traceability/p0-svelte-check/node_modules/lightningcss-win32-x64-msvc
27 silly reify mark deleted [
27 silly reify   '/srv/agent-workspaces/bakery-traceability/p0-svelte-check/node_modules/lightningcss-win32-x64-msvc'
27 silly reify ]
28 verbose reify failed optional dependency /srv/agent-workspaces/bakery-traceability/p0-svelte-check/node_modules/lightningcss-win32-arm64-msvc
29 silly reify mark deleted [
29 silly reify   '/srv/agent-workspaces/bakery-traceability/p0-svelte-check/node_modules/lightningcss-win32-arm64-msvc'
29 silly reify ]
30 verbose reify failed optional dependency /srv/agent-workspaces/bakery-traceability/p0-svelte-check/node_modules/lightningcss-linux-x64-musl
31 silly reify mark deleted [
31 silly reify   '/srv/agent-workspaces/bakery-traceability/p0-svelte-check/node_modules/lightningcss-linux-x64-musl'
31 silly reify ]
32 verbose reify failed optional dependency /srv/agent-workspaces/bakery-traceability/p0-svelte-check/node_modules/lightningcss-linux-arm64-musl
33 silly reify mark deleted [
33 silly reify   '/srv/agent-workspaces/bakery-traceability/p0-svelte-check/node_modules/lightningcss-linux-arm64-musl'
33 silly reify ]
34 verbose reify failed optional dependency /srv/agent-workspaces/bakery-traceability/p0-svelte-check/node_modules/lightningcss-linux-arm64-gnu
35 silly reify mark deleted [
35 silly reify   '/srv/agent-workspaces/bakery-traceability/p0-svelte-check/node_modules/lightningcss-linux-arm64-gnu'
35 silly reify ]
36 verbose reify failed optional dependency /srv/agent-workspaces/bakery-traceability/p0-svelte-check/node_modules/lightningcss-linux-arm-gnueabihf
37 silly reify mark deleted [
37 silly reify   '/srv/agent-workspaces/bakery-traceability/p0-svelte-check/node_modules/lightningcss-linux-arm-gnueabihf'
37 silly reify ]
38 verbose reify failed optional dependency /srv/agent-workspaces/bakery-traceability/p0-svelte-check/node_modules/lightningcss-freebsd-x64
39 silly reify mark deleted [
39 silly reify   '/srv/agent-workspaces/bakery-traceability/p0-svelte-check/node_modules/lightningcss-freebsd-x64'
39 silly reify ]
40 verbose reify failed optional dependency /srv/agent-workspaces/bakery-traceability/p0-svelte-check/node_modules/lightningcss-darwin-x64
41 silly reify mark deleted [
41 silly reify   '/srv/agent-workspaces/bakery-traceability/p0-svelte-check/node_modules/lightningcss-darwin-x64'
41 silly reify ]
42 verbose reify failed optional dependency /srv/agent-workspaces/bakery-traceability/p0-svelte-check/node_modules/lightningcss-darwin-arm64
43 silly reify mark deleted [
43 silly reify   '/srv/agent-workspaces/bakery-traceability/p0-svelte-check/node_modules/lightningcss-darwin-arm64'
43 silly reify ]
44 verbose reify failed optional dependency /srv/agent-workspaces/bakery-traceability/p0-svelte-check/node_modules/lightningcss-android-arm64
45 silly reify mark deleted [
45 silly reify   '/srv/agent-workspaces/bakery-traceability/p0-svelte-check/node_modules/lightningcss-android-arm64'
45 silly reify ]
46 verbose reify failed optional dependency /srv/agent-workspaces/bakery-traceability/p0-svelte-check/node_modules/fsevents
47 silly reify mark deleted [
47 silly reify   '/srv/agent-workspaces/bakery-traceability/p0-svelte-check/node_modules/fsevents'
47 silly reify ]
48 verbose reify failed optional dependency /srv/agent-workspaces/bakery-traceability/p0-svelte-check/node_modules/@supabase/cli-windows-x64
49 silly reify mark deleted [
49 silly reify   '/srv/agent-workspaces/bakery-traceability/p0-svelte-check/node_modules/@supabase/cli-windows-x64'
49 silly reify ]
50 verbose reify failed optional dependency /srv/agent-workspaces/bakery-traceability/p0-svelte-check/node_modules/@supabase/cli-windows-arm64
51 silly reify mark deleted [
51 silly reify   '/srv/agent-workspaces/bakery-traceability/p0-svelte-check/node_modules/@supabase/cli-windows-arm64'
51 silly reify ]
52 verbose reify failed optional dependency /srv/agent-workspaces/bakery-traceability/p0-svelte-check/node_modules/@supabase/cli-linux-x64-musl
53 silly reify mark deleted [
53 silly reify   '/srv/agent-workspaces/bakery-traceability/p0-svelte-check/node_modules/@supabase/cli-linux-x64-musl'
53 silly reify ]
54 verbose reify failed optional dependency /srv/agent-workspaces/bakery-traceability/p0-svelte-check/node_modules/@supabase/cli-linux-arm64-musl
55 silly reify mark deleted [
55 silly reify   '/srv/agent-workspaces/bakery-traceability/p0-svelte-check/node_modules/@supabase/cli-linux-arm64-musl'
55 silly reify ]
56 verbose reify failed optional dependency /srv/agent-workspaces/bakery-traceability/p0-svelte-check/node_modules/@supabase/cli-linux-arm64
57 silly reify mark deleted [
57 silly reify   '/srv/agent-workspaces/bakery-traceability/p0-svelte-check/node_modules/@supabase/cli-linux-arm64'
57 silly reify ]
58 verbose reify failed optional dependency /srv/agent-workspaces/bakery-traceability/p0-svelte-check/node_modules/@supabase/cli-darwin-x64
59 silly reify mark deleted [
59 silly reify   '/srv/agent-workspaces/bakery-traceability/p0-svelte-check/node_modules/@supabase/cli-darwin-x64'
59 silly reify ]
60 verbose reify failed optional dependency /srv/agent-workspaces/bakery-traceability/p0-svelte-check/node_modules/@supabase/cli-darwin-arm64
61 silly reify mark deleted [
61 silly reify   '/srv/agent-workspaces/bakery-traceability/p0-svelte-check/node_modules/@supabase/cli-darwin-arm64'
61 silly reify ]
62 verbose reify failed optional dependency /srv/agent-workspaces/bakery-traceability/p0-svelte-check/node_modules/@rolldown/binding-win32-x64-msvc
63 silly reify mark deleted [
63 silly reify   '/srv/agent-workspaces/bakery-traceability/p0-svelte-check/node_modules/@rolldown/binding-win32-x64-msvc'
63 silly reify ]
64 verbose reify failed optional dependency /srv/agent-workspaces/bakery-traceability/p0-svelte-check/node_modules/@rolldown/binding-win32-arm64-msvc
65 silly reify mark deleted [
65 silly reify   '/srv/agent-workspaces/bakery-traceability/p0-svelte-check/node_modules/@rolldown/binding-win32-arm64-msvc'
65 silly reify ]
66 verbose reify failed optional dependency /srv/agent-workspaces/bakery-traceability/p0-svelte-check/node_modules/@rolldown/binding-openharmony-arm64
67 silly reify mark deleted [
67 silly reify   '/srv/agent-workspaces/bakery-traceability/p0-svelte-check/node_modules/@rolldown/binding-openharmony-arm64'
67 silly reify ]
68 verbose reify failed optional dependency /srv/agent-workspaces/bakery-traceability/p0-svelte-check/node_modules/@rolldown/binding-linux-x64-musl
69 silly reify mark deleted [
69 silly reify   '/srv/agent-workspaces/bakery-traceability/p0-svelte-check/node_modules/@rolldown/binding-linux-x64-musl'
69 silly reify ]
70 verbose reify failed optional dependency /srv/agent-workspaces/bakery-traceability/p0-svelte-check/node_modules/@rolldown/binding-linux-s390x-gnu
71 silly reify mark deleted [
71 silly reify   '/srv/agent-workspaces/bakery-traceability/p0-svelte-check/node_modules/@rolldown/binding-linux-s390x-gnu'
71 silly reify ]
72 verbose reify failed optional dependency /srv/agent-workspaces/bakery-traceability/p0-svelte-check/node_modules/@rolldown/binding-linux-ppc64-gnu
73 silly reify mark deleted [
73 silly reify   '/srv/agent-workspaces/bakery-traceability/p0-svelte-check/node_modules/@rolldown/binding-linux-ppc64-gnu'
73 silly reify ]
74 verbose reify failed optional dependency /srv/agent-workspaces/bakery-traceability/p0-svelte-check/node_modules/@rolldown/binding-linux-arm64-musl
75 silly reify mark deleted [
75 silly reify   '/srv/agent-workspaces/bakery-traceability/p0-svelte-check/node_modules/@rolldown/binding-linux-arm64-musl'
75 silly reify ]
76 verbose reify failed optional dependency /srv/agent-workspaces/bakery-traceability/p0-svelte-check/node_modules/@rolldown/binding-linux-arm64-gnu
77 silly reify mark deleted [
77 silly reify   '/srv/agent-workspaces/bakery-traceability/p0-svelte-check/node_modules/@rolldown/binding-linux-arm64-gnu'
77 silly reify ]
78 verbose reify failed optional dependency /srv/agent-workspaces/bakery-traceability/p0-svelte-check/node_modules/@rolldown/binding-linux-arm-gnueabihf
79 silly reify mark deleted [
79 silly reify   '/srv/agent-workspaces/bakery-traceability/p0-svelte-check/node_modules/@rolldown/binding-linux-arm-gnueabihf'
79 silly reify ]
80 verbose reify failed optional dependency /srv/agent-workspaces/bakery-traceability/p0-svelte-check/node_modules/@rolldown/binding-freebsd-x64
81 silly reify mark deleted [
81 silly reify   '/srv/agent-workspaces/bakery-traceability/p0-svelte-check/node_modules/@rolldown/binding-freebsd-x64'
81 silly reify ]
82 verbose reify failed optional dependency /srv/agent-workspaces/bakery-traceability/p0-svelte-check/node_modules/@rolldown/binding-darwin-x64
83 silly reify mark deleted [
83 silly reify   '/srv/agent-workspaces/bakery-traceability/p0-svelte-check/node_modules/@rolldown/binding-darwin-x64'
83 silly reify ]
84 verbose reify failed optional dependency /srv/agent-workspaces/bakery-traceability/p0-svelte-check/node_modules/@rolldown/binding-darwin-arm64
85 silly reify mark deleted [
85 silly reify   '/srv/agent-workspaces/bakery-traceability/p0-svelte-check/node_modules/@rolldown/binding-darwin-arm64'
85 silly reify ]
86 verbose reify failed optional dependency /srv/agent-workspaces/bakery-traceability/p0-svelte-check/node_modules/@rolldown/binding-android-arm64
87 silly reify mark deleted [
87 silly reify   '/srv/agent-workspaces/bakery-traceability/p0-svelte-check/node_modules/@rolldown/binding-android-arm64'
87 silly reify ]
88 verbose reify failed optional dependency /srv/agent-workspaces/bakery-traceability/p0-svelte-check/node_modules/@rolldown/binding-android-arm-eabi
89 silly reify mark deleted [
89 silly reify   '/srv/agent-workspaces/bakery-traceability/p0-svelte-check/node_modules/@rolldown/binding-android-arm-eabi'
89 silly reify ]
90 http cache node-bin-setup@https://registry.npmjs.org/node-bin-setup/-/node-bin-setup-1.1.4.tgz 0ms (cache hit)
91 http cache node@https://registry.npmjs.org/node/-/node-22.14.0.tgz 0ms (cache hit)
92 http cache yocto-queue@https://registry.npmjs.org/yocto-queue/-/yocto-queue-0.1.0.tgz 0ms (cache hit)
93 http cache why-is-node-running@https://registry.npmjs.org/why-is-node-running/-/why-is-node-running-2.3.0.tgz 0ms (cache hit)
94 http cache zimmerframe@https://registry.npmjs.org/zimmerframe/-/zimmerframe-1.1.5.tgz 0ms (cache hit)
95 http cache vitest@https://registry.npmjs.org/vitest/-/vitest-5.0.0.tgz 0ms (cache hit)
96 http cache which@https://registry.npmjs.org/which/-/which-2.0.2.tgz 0ms (cache hit)
97 http cache vite@https://registry.npmjs.org/vite/-/vite-8.3.0.tgz 0ms (cache hit)
98 http cache word-wrap@https://registry.npmjs.org/word-wrap/-/word-wrap-1.2.5.tgz 0ms (cache hit)
99 http cache vitefu@https://registry.npmjs.org/vitefu/-/vitefu-1.1.3.tgz 0ms (cache hit)
100 http cache util-deprecate@https://registry.npmjs.org/util-deprecate/-/util-deprecate-1.0.2.tgz 0ms (cache hit)
101 http cache uri-js@https://registry.npmjs.org/uri-js/-/uri-js-4.4.1.tgz 0ms (cache hit)
102 http cache undici-types@https://registry.npmjs.org/undici-types/-/undici-types-7.18.2.tgz 0ms (cache hit)
103 http cache typescript@https://registry.npmjs.org/typescript/-/typescript-6.0.3.tgz 0ms (cache hit)
104 http cache type-check@https://registry.npmjs.org/type-check/-/type-check-0.4.0.tgz 0ms (cache hit)
105 http cache typescript-eslint@https://registry.npmjs.org/typescript-eslint/-/typescript-eslint-8.70.0.tgz 0ms (cache hit)
106 http cache tslib@https://registry.npmjs.org/tslib/-/tslib-2.8.1.tgz 0ms (cache hit)
107 http cache ts-api-utils@https://registry.npmjs.org/ts-api-utils/-/ts-api-utils-2.5.0.tgz 0ms (cache hit)
108 http cache totalist@https://registry.npmjs.org/totalist/-/totalist-3.0.1.tgz 0ms (cache hit)
109 http cache tinyexec@https://registry.npmjs.org/tinyexec/-/tinyexec-1.3.0.tgz 0ms (cache hit)
110 http cache tinybench@https://registry.npmjs.org/tinybench/-/tinybench-6.1.4.tgz 0ms (cache hit)
111 http cache tinyglobby@https://registry.npmjs.org/tinyglobby/-/tinyglobby-0.2.17.tgz 0ms (cache hit)
112 http cache svelte-eslint-parser@https://registry.npmjs.org/svelte-eslint-parser/-/svelte-eslint-parser-1.8.1.tgz 0ms (cache hit)
113 http cache svelte-check@https://registry.npmjs.org/svelte-check/-/svelte-check-4.7.6.tgz 0ms (cache hit)
114 http cache svelte@https://registry.npmjs.org/svelte/-/svelte-5.57.0.tgz 0ms (cache hit)
115 http cache std-env@https://registry.npmjs.org/std-env/-/std-env-4.2.0.tgz 0ms (cache hit)
116 http cache stackback@https://registry.npmjs.org/stackback/-/stackback-0.0.2.tgz 0ms (cache hit)
117 http cache supabase@https://registry.npmjs.org/supabase/-/supabase-2.117.0.tgz 0ms (cache hit)
118 http cache source-map-js@https://registry.npmjs.org/source-map-js/-/source-map-js-1.2.1.tgz 0ms (cache hit)
119 http cache sirv@https://registry.npmjs.org/sirv/-/sirv-3.0.2.tgz 0ms (cache hit)
120 http cache siginfo@https://registry.npmjs.org/siginfo/-/siginfo-2.0.0.tgz 0ms (cache hit)
121 http cache shebang-command@https://registry.npmjs.org/shebang-command/-/shebang-command-2.0.0.tgz 0ms (cache hit)
122 http cache shebang-regex@https://registry.npmjs.org/shebang-regex/-/shebang-regex-3.0.0.tgz 0ms (cache hit)
123 http cache set-cookie-parser@https://registry.npmjs.org/set-cookie-parser/-/set-cookie-parser-3.1.2.tgz 0ms (cache hit)
124 http cache semver@https://registry.npmjs.org/semver/-/semver-7.8.5.tgz 0ms (cache hit)
125 http cache sade@https://registry.npmjs.org/sade/-/sade-1.8.1.tgz 0ms (cache hit)
126 http cache readdirp@https://registry.npmjs.org/readdirp/-/readdirp-4.1.2.tgz 0ms (cache hit)
127 http cache qified@https://registry.npmjs.org/qified/-/qified-0.10.1.tgz 0ms (cache hit)
128 http cache rolldown@https://registry.npmjs.org/rolldown/-/rolldown-1.2.8.tgz 0ms (cache hit)
129 http cache punycode@https://registry.npmjs.org/punycode/-/punycode-2.3.1.tgz 0ms (cache hit)
130 http cache prettier-plugin-svelte@https://registry.npmjs.org/prettier-plugin-svelte/-/prettier-plugin-svelte-4.1.1.tgz 0ms (cache hit)
131 http cache prettier@https://registry.npmjs.org/prettier/-/prettier-3.9.6.tgz 0ms (cache hit)
132 http cache prelude-ls@https://registry.npmjs.org/prelude-ls/-/prelude-ls-1.2.1.tgz 0ms (cache hit)
133 http cache postcss-scss@https://registry.npmjs.org/postcss-scss/-/postcss-scss-4.0.9.tgz 0ms (cache hit)
134 http cache postcss-selector-parser@https://registry.npmjs.org/postcss-selector-parser/-/postcss-selector-parser-7.1.6.tgz 0ms (cache hit)
135 http cache postcss-safe-parser@https://registry.npmjs.org/postcss-safe-parser/-/postcss-safe-parser-7.1.0.tgz 0ms (cache hit)
136 http cache postcss-load-config@https://registry.npmjs.org/postcss-load-config/-/postcss-load-config-3.1.4.tgz 0ms (cache hit)
137 http cache postcss@https://registry.npmjs.org/postcss/-/postcss-8.5.28.tgz 0ms (cache hit)
138 http cache path-key@https://registry.npmjs.org/path-key/-/path-key-3.1.1.tgz 0ms (cache hit)
139 http cache picomatch@https://registry.npmjs.org/picomatch/-/picomatch-4.0.7.tgz 0ms (cache hit)
140 http cache picocolors@https://registry.npmjs.org/picocolors/-/picocolors-1.1.1.tgz 0ms (cache hit)
141 http cache path-exists@https://registry.npmjs.org/path-exists/-/path-exists-4.0.0.tgz 0ms (cache hit)
142 http cache p-locate@https://registry.npmjs.org/p-locate/-/p-locate-5.0.0.tgz 0ms (cache hit)
143 http cache optionator@https://registry.npmjs.org/optionator/-/optionator-0.9.4.tgz 0ms (cache hit)
144 http cache obug@https://registry.npmjs.org/obug/-/obug-2.2.1.tgz 0ms (cache hit)
145 http cache p-limit@https://registry.npmjs.org/p-limit/-/p-limit-3.1.0.tgz 0ms (cache hit)
146 http cache natural-compare@https://registry.npmjs.org/natural-compare/-/natural-compare-1.4.0.tgz 0ms (cache hit)
147 http cache nanoid@https://registry.npmjs.org/nanoid/-/nanoid-3.3.19.tgz 0ms (cache hit)
148 http cache ms@https://registry.npmjs.org/ms/-/ms-2.1.3.tgz 0ms (cache hit)
149 http cache mri@https://registry.npmjs.org/mri/-/mri-1.2.0.tgz 0ms (cache hit)
150 http cache mrmime@https://registry.npmjs.org/mrmime/-/mrmime-2.0.1.tgz 0ms (cache hit)
151 http cache magic-string@https://registry.npmjs.org/magic-string/-/magic-string-0.30.21.tgz 0ms (cache hit)
152 http cache minimatch@https://registry.npmjs.org/minimatch/-/minimatch-10.2.6.tgz 0ms (cache hit)
153 http cache locate-path@https://registry.npmjs.org/locate-path/-/locate-path-6.0.0.tgz 0ms (cache hit)
154 http cache lilconfig@https://registry.npmjs.org/lilconfig/-/lilconfig-2.1.0.tgz 0ms (cache hit)
155 http cache lightningcss-linux-x64-gnu@https://registry.npmjs.org/lightningcss-linux-x64-gnu/-/lightningcss-linux-x64-gnu-1.33.0.tgz 0ms (cache hit)
156 http cache locate-character@https://registry.npmjs.org/locate-character/-/locate-character-3.0.0.tgz 0ms (cache hit)
157 http cache lightningcss@https://registry.npmjs.org/lightningcss/-/lightningcss-1.33.0.tgz 0ms (cache hit)
158 http cache levn@https://registry.npmjs.org/levn/-/levn-0.4.1.tgz 0ms (cache hit)
159 http cache known-css-properties@https://registry.npmjs.org/known-css-properties/-/known-css-properties-0.37.0.tgz 0ms (cache hit)
160 http cache keyv@https://registry.npmjs.org/keyv/-/keyv-5.6.0.tgz 0ms (cache hit)
161 http cache kleur@https://registry.npmjs.org/kleur/-/kleur-4.1.5.tgz 0ms (cache hit)
162 http cache json-stable-stringify-without-jsonify@https://registry.npmjs.org/json-stable-stringify-without-jsonify/-/json-stable-stringify-without-jsonify-1.0.1.tgz 0ms (cache hit)
163 http cache json-schema-traverse@https://registry.npmjs.org/json-schema-traverse/-/json-schema-traverse-0.4.1.tgz 0ms (cache hit)
164 http cache jose@https://registry.npmjs.org/jose/-/jose-6.2.12.tgz 0ms (cache hit)
165 http cache is-reference@https://registry.npmjs.org/is-reference/-/is-reference-3.0.3.tgz 0ms (cache hit)
166 http cache is-glob@https://registry.npmjs.org/is-glob/-/is-glob-4.0.3.tgz 0ms (cache hit)
167 http cache is-extglob@https://registry.npmjs.org/is-extglob/-/is-extglob-2.1.1.tgz 0ms (cache hit)
168 http cache isexe@https://registry.npmjs.org/isexe/-/isexe-2.0.0.tgz 0ms (cache hit)
169 http cache imurmurhash@https://registry.npmjs.org/imurmurhash/-/imurmurhash-0.1.4.tgz 0ms (cache hit)
170 http cache ignore@https://registry.npmjs.org/ignore/-/ignore-5.3.2.tgz 0ms (cache hit)
171 http cache iceberg-js@https://registry.npmjs.org/iceberg-js/-/iceberg-js-0.8.1.tgz 0ms (cache hit)
172 http cache hashery@https://registry.npmjs.org/hashery/-/hashery-1.5.1.tgz 0ms (cache hit)
173 http cache globals@https://registry.npmjs.org/globals/-/globals-17.12.0.tgz 0ms (cache hit)
174 http cache hookified@https://registry.npmjs.org/hookified/-/hookified-1.15.1.tgz 0ms (cache hit)
175 http cache glob-parent@https://registry.npmjs.org/glob-parent/-/glob-parent-6.0.2.tgz 0ms (cache hit)
176 http cache flatted@https://registry.npmjs.org/flatted/-/flatted-3.4.4.tgz 0ms (cache hit)
177 http cache flat-cache@https://registry.npmjs.org/flat-cache/-/flat-cache-6.1.23.tgz 0ms (cache hit)
178 http cache find-up@https://registry.npmjs.org/find-up/-/find-up-5.0.0.tgz 0ms (cache hit)
179 http cache fdir@https://registry.npmjs.org/fdir/-/fdir-6.5.0.tgz 0ms (cache hit)
180 http cache file-entry-cache@https://registry.npmjs.org/file-entry-cache/-/file-entry-cache-11.1.5.tgz 0ms (cache hit)
181 http cache fast-json-stable-stringify@https://registry.npmjs.org/fast-json-stable-stringify/-/fast-json-stable-stringify-2.1.0.tgz 0ms (cache hit)
182 http cache fast-deep-equal@https://registry.npmjs.org/fast-deep-equal/-/fast-deep-equal-3.1.3.tgz 0ms (cache hit)
183 http cache fast-levenshtein@https://registry.npmjs.org/fast-levenshtein/-/fast-levenshtein-2.0.6.tgz 0ms (cache hit)
184 http cache expect-type@https://registry.npmjs.org/expect-type/-/expect-type-1.4.0.tgz 0ms (cache hit)
185 http cache estree-walker@https://registry.npmjs.org/estree-walker/-/estree-walker-3.0.3.tgz 0ms (cache hit)
186 http cache esutils@https://registry.npmjs.org/esutils/-/esutils-2.0.3.tgz 0ms (cache hit)
187 http cache estraverse@https://registry.npmjs.org/estraverse/-/estraverse-5.3.0.tgz 0ms (cache hit)
188 http cache esrecurse@https://registry.npmjs.org/esrecurse/-/esrecurse-4.3.0.tgz 0ms (cache hit)
189 http cache esrap@https://registry.npmjs.org/esrap/-/esrap-2.3.7.tgz 0ms (cache hit)
190 http cache espree@https://registry.npmjs.org/espree/-/espree-11.2.0.tgz 0ms (cache hit)
191 http cache esm-env@https://registry.npmjs.org/esm-env/-/esm-env-1.2.2.tgz 0ms (cache hit)
192 http cache esquery@https://registry.npmjs.org/esquery/-/esquery-1.7.0.tgz 0ms (cache hit)
193 http cache eslint-visitor-keys@https://registry.npmjs.org/eslint-visitor-keys/-/eslint-visitor-keys-5.0.1.tgz 0ms (cache hit)
194 http cache eslint-scope@https://registry.npmjs.org/eslint-scope/-/eslint-scope-9.1.2.tgz 0ms (cache hit)
195 http cache eslint-config-prettier@https://registry.npmjs.org/eslint-config-prettier/-/eslint-config-prettier-10.1.8.tgz 0ms (cache hit)
196 http cache eslint@https://registry.npmjs.org/eslint/-/eslint-10.10.0.tgz 0ms (cache hit)
197 http cache eslint-plugin-svelte@https://registry.npmjs.org/eslint-plugin-svelte/-/eslint-plugin-svelte-3.23.0.tgz 0ms (cache hit)
198 http cache es-module-lexer@https://registry.npmjs.org/es-module-lexer/-/es-module-lexer-2.3.2.tgz 0ms (cache hit)
199 http cache eciesjs@https://registry.npmjs.org/eciesjs/-/eciesjs-0.5.0.tgz 0ms (cache hit)
200 http cache escape-string-regexp@https://registry.npmjs.org/escape-string-regexp/-/escape-string-regexp-4.0.0.tgz 0ms (cache hit)
201 http cache devalue@https://registry.npmjs.org/devalue/-/devalue-5.9.2.tgz 0ms (cache hit)
202 http cache detect-libc@https://registry.npmjs.org/detect-libc/-/detect-libc-2.1.2.tgz 0ms (cache hit)
203 http cache deepmerge@https://registry.npmjs.org/deepmerge/-/deepmerge-4.3.1.tgz 0ms (cache hit)
204 http cache debug@https://registry.npmjs.org/debug/-/debug-4.4.3.tgz 0ms (cache hit)
205 http cache cssesc@https://registry.npmjs.org/cssesc/-/cssesc-3.0.0.tgz 0ms (cache hit)
206 http cache deep-is@https://registry.npmjs.org/deep-is/-/deep-is-0.1.4.tgz 0ms (cache hit)
207 http cache cross-spawn@https://registry.npmjs.org/cross-spawn/-/cross-spawn-7.0.6.tgz 0ms (cache hit)
208 http cache cookie@https://registry.npmjs.org/cookie/-/cookie-0.6.0.tgz 0ms (cache hit)
209 http cache clsx@https://registry.npmjs.org/clsx/-/clsx-2.1.1.tgz 0ms (cache hit)
210 http cache chai@https://registry.npmjs.org/chai/-/chai-6.2.2.tgz 0ms (cache hit)
211 http cache cacheable@https://registry.npmjs.org/cacheable/-/cacheable-2.5.0.tgz 0ms (cache hit)
212 http cache chokidar@https://registry.npmjs.org/chokidar/-/chokidar-4.0.3.tgz 0ms (cache hit)
213 http cache brace-expansion@https://registry.npmjs.org/brace-expansion/-/brace-expansion-5.0.9.tgz 0ms (cache hit)
214 http cache axobject-query@https://registry.npmjs.org/axobject-query/-/axobject-query-4.1.0.tgz 0ms (cache hit)
215 http cache balanced-match@https://registry.npmjs.org/balanced-match/-/balanced-match-4.0.4.tgz 0ms (cache hit)
216 http cache aria-query@https://registry.npmjs.org/aria-query/-/aria-query-5.3.1.tgz 0ms (cache hit)
217 http cache assertion-error@https://registry.npmjs.org/assertion-error/-/assertion-error-2.0.1.tgz 0ms (cache hit)
218 http cache ajv@https://registry.npmjs.org/ajv/-/ajv-6.15.0.tgz 0ms (cache hit)
219 http cache acorn-jsx@https://registry.npmjs.org/acorn-jsx/-/acorn-jsx-5.3.2.tgz 0ms (cache hit)
220 http cache acorn@https://registry.npmjs.org/acorn/-/acorn-8.18.0.tgz 0ms (cache hit)
221 http cache @vitest/mocker@https://registry.npmjs.org/@vitest/mocker/-/mocker-5.0.0.tgz 0ms (cache hit)
222 http cache @typescript-eslint/visitor-keys@https://registry.npmjs.org/@typescript-eslint/visitor-keys/-/visitor-keys-8.70.0.tgz 0ms (cache hit)
223 http cache @vitest/spy@https://registry.npmjs.org/@vitest/spy/-/spy-5.0.0.tgz 0ms (cache hit)
224 http cache @typescript-eslint/utils@https://registry.npmjs.org/@typescript-eslint/utils/-/utils-8.70.0.tgz 0ms (cache hit)
225 http cache @typescript-eslint/typescript-estree@https://registry.npmjs.org/@typescript-eslint/typescript-estree/-/typescript-estree-8.70.0.tgz 0ms (cache hit)
226 http cache @typescript-eslint/types@https://registry.npmjs.org/@typescript-eslint/types/-/types-8.70.0.tgz 0ms (cache hit)
227 http cache @typescript-eslint/tsconfig-utils@https://registry.npmjs.org/@typescript-eslint/tsconfig-utils/-/tsconfig-utils-8.70.0.tgz 0ms (cache hit)
228 http cache @typescript-eslint/type-utils@https://registry.npmjs.org/@typescript-eslint/type-utils/-/type-utils-8.70.0.tgz 0ms (cache hit)
229 http cache @typescript-eslint/scope-manager@https://registry.npmjs.org/@typescript-eslint/scope-manager/-/scope-manager-8.70.0.tgz 0ms (cache hit)
230 http cache @typescript-eslint/project-service@https://registry.npmjs.org/@typescript-eslint/project-service/-/project-service-8.70.0.tgz 0ms (cache hit)
231 http cache @typescript-eslint/parser@https://registry.npmjs.org/@typescript-eslint/parser/-/parser-8.70.0.tgz 0ms (cache hit)
232 http cache @types/node@https://registry.npmjs.org/@types/node/-/node-24.13.4.tgz 0ms (cache hit)
233 http cache @typescript-eslint/eslint-plugin@https://registry.npmjs.org/@typescript-eslint/eslint-plugin/-/eslint-plugin-8.70.0.tgz 0ms (cache hit)
234 http cache @types/json-schema@https://registry.npmjs.org/@types/json-schema/-/json-schema-7.0.15.tgz 0ms (cache hit)
235 http cache @types/estree@https://registry.npmjs.org/@types/estree/-/estree-1.0.9.tgz 0ms (cache hit)
236 http cache @types/esrecurse@https://registry.npmjs.org/@types/esrecurse/-/esrecurse-4.3.1.tgz 0ms (cache hit)
237 http cache @types/cookie@https://registry.npmjs.org/@types/cookie/-/cookie-0.6.0.tgz 0ms (cache hit)
238 http cache @types/chai@https://registry.npmjs.org/@types/chai/-/chai-5.2.3.tgz 0ms (cache hit)
239 http cache @types/deep-eql@https://registry.npmjs.org/@types/deep-eql/-/deep-eql-4.0.2.tgz 0ms (cache hit)
240 http cache @sveltejs/vite-plugin-svelte@https://registry.npmjs.org/@sveltejs/vite-plugin-svelte/-/vite-plugin-svelte-7.3.0.tgz 0ms (cache hit)
241 http cache @sveltejs/load-config@https://registry.npmjs.org/@sveltejs/load-config/-/load-config-0.2.3.tgz 0ms (cache hit)
242 http cache @sveltejs/kit@https://registry.npmjs.org/@sveltejs/kit/-/kit-2.70.3.tgz 0ms (cache hit)
243 http cache @sveltejs/acorn-typescript@https://registry.npmjs.org/@sveltejs/acorn-typescript/-/acorn-typescript-1.0.13.tgz 0ms (cache hit)
244 http cache @supabase/supabase-js@https://registry.npmjs.org/@supabase/supabase-js/-/supabase-js-2.116.0.tgz 0ms (cache hit)
245 http cache @supabase/storage-js@https://registry.npmjs.org/@supabase/storage-js/-/storage-js-2.116.0.tgz 0ms (cache hit)
246 http cache @sveltejs/adapter-auto@https://registry.npmjs.org/@sveltejs/adapter-auto/-/adapter-auto-7.0.1.tgz 0ms (cache hit)
247 http cache @supabase/ssr@https://registry.npmjs.org/@supabase/ssr/-/ssr-0.12.7.tgz 0ms (cache hit)
248 http cache @supabase/realtime-js@https://registry.npmjs.org/@supabase/realtime-js/-/realtime-js-2.116.0.tgz 0ms (cache hit)
249 http cache @supabase/postgrest-js@https://registry.npmjs.org/@supabase/postgrest-js/-/postgrest-js-2.116.0.tgz 0ms (cache hit)
250 http cache @supabase/functions-js@https://registry.npmjs.org/@supabase/functions-js/-/functions-js-2.116.0.tgz 0ms (cache hit)
251 http cache @supabase/cli-linux-x64@https://registry.npmjs.org/@supabase/cli-linux-x64/-/cli-linux-x64-2.117.0.tgz 0ms (cache hit)
252 http cache @supabase/phoenix@https://registry.npmjs.org/@supabase/phoenix/-/phoenix-0.4.5.tgz 0ms (cache hit)
253 http cache @supabase/auth-js@https://registry.npmjs.org/@supabase/auth-js/-/auth-js-2.116.0.tgz 0ms (cache hit)
254 http cache @standard-schema/spec@https://registry.npmjs.org/@standard-schema/spec/-/spec-1.1.0.tgz 0ms (cache hit)
255 http cache @rolldown/pluginutils@https://registry.npmjs.org/@rolldown/pluginutils/-/pluginutils-1.0.1.tgz 0ms (cache hit)
256 http cache @polka/url@https://registry.npmjs.org/@polka/url/-/url-1.0.0-next.29.tgz 0ms (cache hit)
257 http cache @rolldown/binding-linux-x64-gnu@https://registry.npmjs.org/@rolldown/binding-linux-x64-gnu/-/binding-linux-x64-gnu-1.2.8.tgz 0ms (cache hit)
258 http cache @oxc-project/types@https://registry.npmjs.org/@oxc-project/types/-/types-0.149.0.tgz 0ms (cache hit)
259 http cache @noble/hashes@https://registry.npmjs.org/@noble/hashes/-/hashes-1.8.0.tgz 0ms (cache hit)
260 http cache @noble/curves@https://registry.npmjs.org/@noble/curves/-/curves-1.9.7.tgz 0ms (cache hit)
261 http cache @keyv/serialize@https://registry.npmjs.org/@keyv/serialize/-/serialize-1.1.1.tgz 0ms (cache hit)
262 http cache @keyv/bigmap@https://registry.npmjs.org/@keyv/bigmap/-/bigmap-1.3.1.tgz 0ms (cache hit)
263 http cache @jridgewell/trace-mapping@https://registry.npmjs.org/@jridgewell/trace-mapping/-/trace-mapping-0.3.31.tgz 0ms (cache hit)
264 http cache @noble/ciphers@https://registry.npmjs.org/@noble/ciphers/-/ciphers-1.3.0.tgz 0ms (cache hit)
265 http cache @jridgewell/sourcemap-codec@https://registry.npmjs.org/@jridgewell/sourcemap-codec/-/sourcemap-codec-1.6.0.tgz 0ms (cache hit)
266 http cache @jridgewell/resolve-uri@https://registry.npmjs.org/@jridgewell/resolve-uri/-/resolve-uri-3.1.2.tgz 0ms (cache hit)
267 http cache @jridgewell/remapping@https://registry.npmjs.org/@jridgewell/remapping/-/remapping-2.3.5.tgz 0ms (cache hit)
268 http cache @humanwhocodes/retry@https://registry.npmjs.org/@humanwhocodes/retry/-/retry-0.4.3.tgz 0ms (cache hit)
269 http cache @humanwhocodes/module-importer@https://registry.npmjs.org/@humanwhocodes/module-importer/-/module-importer-1.0.1.tgz 0ms (cache hit)
270 http cache @jridgewell/gen-mapping@https://registry.npmjs.org/@jridgewell/gen-mapping/-/gen-mapping-0.3.13.tgz 0ms (cache hit)
271 http cache @humanfs/types@https://registry.npmjs.org/@humanfs/types/-/types-0.15.0.tgz 0ms (cache hit)
272 http cache @humanfs/node@https://registry.npmjs.org/@humanfs/node/-/node-0.16.8.tgz 0ms (cache hit)
273 http cache @humanfs/core@https://registry.npmjs.org/@humanfs/core/-/core-0.19.2.tgz 0ms (cache hit)
274 http cache @eslint/object-schema@https://registry.npmjs.org/@eslint/object-schema/-/object-schema-3.0.5.tgz 0ms (cache hit)
275 http cache @eslint/js@https://registry.npmjs.org/@eslint/js/-/js-10.0.1.tgz 0ms (cache hit)
276 http cache @eslint/plugin-kit@https://registry.npmjs.org/@eslint/plugin-kit/-/plugin-kit-0.7.3.tgz 0ms (cache hit)
277 http cache @eslint/config-helpers@https://registry.npmjs.org/@eslint/config-helpers/-/config-helpers-0.7.0.tgz 0ms (cache hit)
278 http cache @eslint/core@https://registry.npmjs.org/@eslint/core/-/core-1.2.1.tgz 0ms (cache hit)
279 http cache @eslint/config-array@https://registry.npmjs.org/@eslint/config-array/-/config-array-0.23.5.tgz 0ms (cache hit)
280 http cache @eslint-community/eslint-utils@https://registry.npmjs.org/@eslint-community/eslint-utils/-/eslint-utils-4.10.1.tgz 0ms (cache hit)
281 http cache @eslint-community/regexpp@https://registry.npmjs.org/@eslint-community/regexpp/-/regexpp-4.12.2.tgz 0ms (cache hit)
282 http cache @ecies/ciphers@https://registry.npmjs.org/@ecies/ciphers/-/ciphers-0.2.6.tgz 0ms (cache hit)
283 http cache @cacheable/utils@https://registry.npmjs.org/@cacheable/utils/-/utils-2.5.0.tgz 0ms (cache hit)
284 http cache @cacheable/memory@https://registry.npmjs.org/@cacheable/memory/-/memory-2.2.0.tgz 0ms (cache hit)
285 http cache magic-string@https://registry.npmjs.org/magic-string/-/magic-string-1.3.1.tgz 0ms (cache hit)
286 http cache eslint-visitor-keys@https://registry.npmjs.org/eslint-visitor-keys/-/eslint-visitor-keys-4.2.1.tgz 0ms (cache hit)
287 http cache espree@https://registry.npmjs.org/espree/-/espree-10.4.0.tgz 0ms (cache hit)
288 http cache eslint-scope@https://registry.npmjs.org/eslint-scope/-/eslint-scope-8.4.0.tgz 0ms (cache hit)
289 http cache yaml@https://registry.npmjs.org/yaml/-/yaml-1.10.3.tgz 0ms (cache hit)
290 http cache hookified@https://registry.npmjs.org/hookified/-/hookified-2.2.0.tgz 0ms (cache hit)
291 http cache globals@https://registry.npmjs.org/globals/-/globals-16.5.0.tgz 0ms (cache hit)
292 http cache magic-string@https://registry.npmjs.org/magic-string/-/magic-string-1.3.1.tgz 0ms (cache hit)
293 http cache ignore@https://registry.npmjs.org/ignore/-/ignore-7.0.9.tgz 0ms (cache hit)
294 http cache magic-string@https://registry.npmjs.org/magic-string/-/magic-string-1.3.1.tgz 0ms (cache hit)
295 http cache eslint-visitor-keys@https://registry.npmjs.org/eslint-visitor-keys/-/eslint-visitor-keys-3.4.3.tgz 0ms (cache hit)
296 http cache cookie@https://registry.npmjs.org/cookie/-/cookie-1.1.1.tgz 0ms (cache hit)
297 silly tarball no local data for node-bin-setup@https://registry.npmjs.org/node-bin-setup/-/node-bin-setup-1.1.4.tgz. Extracting by manifest.
298 silly tarball no local data for node@https://registry.npmjs.org/node/-/node-22.14.0.tgz. Extracting by manifest.
299 silly tarball no local data for yocto-queue@https://registry.npmjs.org/yocto-queue/-/yocto-queue-0.1.0.tgz. Extracting by manifest.
300 silly tarball no local data for why-is-node-running@https://registry.npmjs.org/why-is-node-running/-/why-is-node-running-2.3.0.tgz. Extracting by manifest.
301 silly tarball no local data for zimmerframe@https://registry.npmjs.org/zimmerframe/-/zimmerframe-1.1.5.tgz. Extracting by manifest.
302 silly tarball no local data for vitest@https://registry.npmjs.org/vitest/-/vitest-5.0.0.tgz. Extracting by manifest.
303 silly tarball no local data for which@https://registry.npmjs.org/which/-/which-2.0.2.tgz. Extracting by manifest.
304 silly tarball no local data for vite@https://registry.npmjs.org/vite/-/vite-8.3.0.tgz. Extracting by manifest.
305 silly tarball no local data for word-wrap@https://registry.npmjs.org/word-wrap/-/word-wrap-1.2.5.tgz. Extracting by manifest.
306 silly tarball no local data for vitefu@https://registry.npmjs.org/vitefu/-/vitefu-1.1.3.tgz. Extracting by manifest.
307 silly tarball no local data for util-deprecate@https://registry.npmjs.org/util-deprecate/-/util-deprecate-1.0.2.tgz. Extracting by manifest.
308 silly tarball no local data for uri-js@https://registry.npmjs.org/uri-js/-/uri-js-4.4.1.tgz. Extracting by manifest.
309 silly tarball no local data for undici-types@https://registry.npmjs.org/undici-types/-/undici-types-7.18.2.tgz. Extracting by manifest.
310 silly tarball no local data for typescript@https://registry.npmjs.org/typescript/-/typescript-6.0.3.tgz. Extracting by manifest.
311 silly tarball no local data for type-check@https://registry.npmjs.org/type-check/-/type-check-0.4.0.tgz. Extracting by manifest.
312 silly tarball no local data for typescript-eslint@https://registry.npmjs.org/typescript-eslint/-/typescript-eslint-8.70.0.tgz. Extracting by manifest.
313 silly tarball no local data for tslib@https://registry.npmjs.org/tslib/-/tslib-2.8.1.tgz. Extracting by manifest.
314 silly tarball no local data for ts-api-utils@https://registry.npmjs.org/ts-api-utils/-/ts-api-utils-2.5.0.tgz. Extracting by manifest.
315 silly tarball no local data for totalist@https://registry.npmjs.org/totalist/-/totalist-3.0.1.tgz. Extracting by manifest.
316 silly tarball no local data for tinyexec@https://registry.npmjs.org/tinyexec/-/tinyexec-1.3.0.tgz. Extracting by manifest.
317 silly tarball no local data for tinybench@https://registry.npmjs.org/tinybench/-/tinybench-6.1.4.tgz. Extracting by manifest.
318 silly tarball no local data for tinyglobby@https://registry.npmjs.org/tinyglobby/-/tinyglobby-0.2.17.tgz. Extracting by manifest.
319 silly tarball no local data for svelte-eslint-parser@https://registry.npmjs.org/svelte-eslint-parser/-/svelte-eslint-parser-1.8.1.tgz. Extracting by manifest.
320 silly tarball no local data for svelte-check@https://registry.npmjs.org/svelte-check/-/svelte-check-4.7.6.tgz. Extracting by manifest.
321 silly tarball no local data for svelte@https://registry.npmjs.org/svelte/-/svelte-5.57.0.tgz. Extracting by manifest.
322 silly tarball no local data for std-env@https://registry.npmjs.org/std-env/-/std-env-4.2.0.tgz. Extracting by manifest.
323 silly tarball no local data for stackback@https://registry.npmjs.org/stackback/-/stackback-0.0.2.tgz. Extracting by manifest.
324 silly tarball no local data for supabase@https://registry.npmjs.org/supabase/-/supabase-2.117.0.tgz. Extracting by manifest.
325 silly tarball no local data for source-map-js@https://registry.npmjs.org/source-map-js/-/source-map-js-1.2.1.tgz. Extracting by manifest.
326 silly tarball no local data for sirv@https://registry.npmjs.org/sirv/-/sirv-3.0.2.tgz. Extracting by manifest.
327 silly tarball no local data for siginfo@https://registry.npmjs.org/siginfo/-/siginfo-2.0.0.tgz. Extracting by manifest.
328 silly tarball no local data for shebang-command@https://registry.npmjs.org/shebang-command/-/shebang-command-2.0.0.tgz. Extracting by manifest.
329 silly tarball no local data for shebang-regex@https://registry.npmjs.org/shebang-regex/-/shebang-regex-3.0.0.tgz. Extracting by manifest.
330 silly tarball no local data for set-cookie-parser@https://registry.npmjs.org/set-cookie-parser/-/set-cookie-parser-3.1.2.tgz. Extracting by manifest.
331 silly tarball no local data for semver@https://registry.npmjs.org/semver/-/semver-7.8.5.tgz. Extracting by manifest.
332 silly tarball no local data for sade@https://registry.npmjs.org/sade/-/sade-1.8.1.tgz. Extracting by manifest.
333 silly tarball no local data for readdirp@https://registry.npmjs.org/readdirp/-/readdirp-4.1.2.tgz. Extracting by manifest.
334 silly tarball no local data for qified@https://registry.npmjs.org/qified/-/qified-0.10.1.tgz. Extracting by manifest.
335 silly tarball no local data for rolldown@https://registry.npmjs.org/rolldown/-/rolldown-1.2.8.tgz. Extracting by manifest.
336 silly tarball no local data for punycode@https://registry.npmjs.org/punycode/-/punycode-2.3.1.tgz. Extracting by manifest.
337 silly tarball no local data for prettier-plugin-svelte@https://registry.npmjs.org/prettier-plugin-svelte/-/prettier-plugin-svelte-4.1.1.tgz. Extracting by manifest.
338 silly tarball no local data for prettier@https://registry.npmjs.org/prettier/-/prettier-3.9.6.tgz. Extracting by manifest.
339 silly tarball no local data for prelude-ls@https://registry.npmjs.org/prelude-ls/-/prelude-ls-1.2.1.tgz. Extracting by manifest.
340 silly tarball no local data for postcss-scss@https://registry.npmjs.org/postcss-scss/-/postcss-scss-4.0.9.tgz. Extracting by manifest.
341 silly tarball no local data for postcss-selector-parser@https://registry.npmjs.org/postcss-selector-parser/-/postcss-selector-parser-7.1.6.tgz. Extracting by manifest.
342 silly tarball no local data for postcss-safe-parser@https://registry.npmjs.org/postcss-safe-parser/-/postcss-safe-parser-7.1.0.tgz. Extracting by manifest.
343 silly tarball no local data for postcss-load-config@https://registry.npmjs.org/postcss-load-config/-/postcss-load-config-3.1.4.tgz. Extracting by manifest.
344 silly tarball no local data for postcss@https://registry.npmjs.org/postcss/-/postcss-8.5.28.tgz. Extracting by manifest.
345 silly tarball no local data for path-key@https://registry.npmjs.org/path-key/-/path-key-3.1.1.tgz. Extracting by manifest.
346 silly tarball no local data for picomatch@https://registry.npmjs.org/picomatch/-/picomatch-4.0.7.tgz. Extracting by manifest.
347 silly tarball no local data for picocolors@https://registry.npmjs.org/picocolors/-/picocolors-1.1.1.tgz. Extracting by manifest.
348 silly tarball no local data for path-exists@https://registry.npmjs.org/path-exists/-/path-exists-4.0.0.tgz. Extracting by manifest.
349 silly tarball no local data for p-locate@https://registry.npmjs.org/p-locate/-/p-locate-5.0.0.tgz. Extracting by manifest.
350 silly tarball no local data for optionator@https://registry.npmjs.org/optionator/-/optionator-0.9.4.tgz. Extracting by manifest.
351 silly tarball no local data for obug@https://registry.npmjs.org/obug/-/obug-2.2.1.tgz. Extracting by manifest.
352 silly tarball no local data for p-limit@https://registry.npmjs.org/p-limit/-/p-limit-3.1.0.tgz. Extracting by manifest.
353 silly tarball no local data for natural-compare@https://registry.npmjs.org/natural-compare/-/natural-compare-1.4.0.tgz. Extracting by manifest.
354 silly tarball no local data for nanoid@https://registry.npmjs.org/nanoid/-/nanoid-3.3.19.tgz. Extracting by manifest.
355 silly tarball no local data for ms@https://registry.npmjs.org/ms/-/ms-2.1.3.tgz. Extracting by manifest.
356 silly tarball no local data for mri@https://registry.npmjs.org/mri/-/mri-1.2.0.tgz. Extracting by manifest.
357 silly tarball no local data for mrmime@https://registry.npmjs.org/mrmime/-/mrmime-2.0.1.tgz. Extracting by manifest.
358 silly tarball no local data for magic-string@https://registry.npmjs.org/magic-string/-/magic-string-0.30.21.tgz. Extracting by manifest.
359 silly tarball no local data for minimatch@https://registry.npmjs.org/minimatch/-/minimatch-10.2.6.tgz. Extracting by manifest.
360 silly tarball no local data for locate-path@https://registry.npmjs.org/locate-path/-/locate-path-6.0.0.tgz. Extracting by manifest.
361 silly tarball no local data for lilconfig@https://registry.npmjs.org/lilconfig/-/lilconfig-2.1.0.tgz. Extracting by manifest.
362 silly tarball no local data for lightningcss-linux-x64-gnu@https://registry.npmjs.org/lightningcss-linux-x64-gnu/-/lightningcss-linux-x64-gnu-1.33.0.tgz. Extracting by manifest.
363 silly tarball no local data for locate-character@https://registry.npmjs.org/locate-character/-/locate-character-3.0.0.tgz. Extracting by manifest.
364 silly tarball no local data for lightningcss@https://registry.npmjs.org/lightningcss/-/lightningcss-1.33.0.tgz. Extracting by manifest.
365 silly tarball no local data for levn@https://registry.npmjs.org/levn/-/levn-0.4.1.tgz. Extracting by manifest.
366 silly tarball no local data for known-css-properties@https://registry.npmjs.org/known-css-properties/-/known-css-properties-0.37.0.tgz. Extracting by manifest.
367 silly tarball no local data for keyv@https://registry.npmjs.org/keyv/-/keyv-5.6.0.tgz. Extracting by manifest.
368 silly tarball no local data for kleur@https://registry.npmjs.org/kleur/-/kleur-4.1.5.tgz. Extracting by manifest.
369 silly tarball no local data for json-stable-stringify-without-jsonify@https://registry.npmjs.org/json-stable-stringify-without-jsonify/-/json-stable-stringify-without-jsonify-1.0.1.tgz. Extracting by manifest.
370 silly tarball no local data for json-schema-traverse@https://registry.npmjs.org/json-schema-traverse/-/json-schema-traverse-0.4.1.tgz. Extracting by manifest.
371 silly tarball no local data for jose@https://registry.npmjs.org/jose/-/jose-6.2.12.tgz. Extracting by manifest.
372 silly tarball no local data for is-reference@https://registry.npmjs.org/is-reference/-/is-reference-3.0.3.tgz. Extracting by manifest.
373 silly tarball no local data for is-glob@https://registry.npmjs.org/is-glob/-/is-glob-4.0.3.tgz. Extracting by manifest.
374 silly tarball no local data for is-extglob@https://registry.npmjs.org/is-extglob/-/is-extglob-2.1.1.tgz. Extracting by manifest.
375 silly tarball no local data for isexe@https://registry.npmjs.org/isexe/-/isexe-2.0.0.tgz. Extracting by manifest.
376 silly tarball no local data for imurmurhash@https://registry.npmjs.org/imurmurhash/-/imurmurhash-0.1.4.tgz. Extracting by manifest.
377 silly tarball no local data for ignore@https://registry.npmjs.org/ignore/-/ignore-5.3.2.tgz. Extracting by manifest.
378 silly tarball no local data for iceberg-js@https://registry.npmjs.org/iceberg-js/-/iceberg-js-0.8.1.tgz. Extracting by manifest.
379 silly tarball no local data for hashery@https://registry.npmjs.org/hashery/-/hashery-1.5.1.tgz. Extracting by manifest.
380 silly tarball no local data for globals@https://registry.npmjs.org/globals/-/globals-17.12.0.tgz. Extracting by manifest.
381 silly tarball no local data for hookified@https://registry.npmjs.org/hookified/-/hookified-1.15.1.tgz. Extracting by manifest.
382 silly tarball no local data for glob-parent@https://registry.npmjs.org/glob-parent/-/glob-parent-6.0.2.tgz. Extracting by manifest.
383 silly tarball no local data for flatted@https://registry.npmjs.org/flatted/-/flatted-3.4.4.tgz. Extracting by manifest.
384 silly tarball no local data for flat-cache@https://registry.npmjs.org/flat-cache/-/flat-cache-6.1.23.tgz. Extracting by manifest.
385 silly tarball no local data for find-up@https://registry.npmjs.org/find-up/-/find-up-5.0.0.tgz. Extracting by manifest.
386 silly tarball no local data for fdir@https://registry.npmjs.org/fdir/-/fdir-6.5.0.tgz. Extracting by manifest.
387 silly tarball no local data for file-entry-cache@https://registry.npmjs.org/file-entry-cache/-/file-entry-cache-11.1.5.tgz. Extracting by manifest.
388 silly tarball no local data for fast-json-stable-stringify@https://registry.npmjs.org/fast-json-stable-stringify/-/fast-json-stable-stringify-2.1.0.tgz. Extracting by manifest.
389 silly tarball no local data for fast-deep-equal@https://registry.npmjs.org/fast-deep-equal/-/fast-deep-equal-3.1.3.tgz. Extracting by manifest.
390 silly tarball no local data for fast-levenshtein@https://registry.npmjs.org/fast-levenshtein/-/fast-levenshtein-2.0.6.tgz. Extracting by manifest.
391 silly tarball no local data for expect-type@https://registry.npmjs.org/expect-type/-/expect-type-1.4.0.tgz. Extracting by manifest.
392 silly tarball no local data for estree-walker@https://registry.npmjs.org/estree-walker/-/estree-walker-3.0.3.tgz. Extracting by manifest.
393 silly tarball no local data for esutils@https://registry.npmjs.org/esutils/-/esutils-2.0.3.tgz. Extracting by manifest.
394 silly tarball no local data for estraverse@https://registry.npmjs.org/estraverse/-/estraverse-5.3.0.tgz. Extracting by manifest.
395 silly tarball no local data for esrecurse@https://registry.npmjs.org/esrecurse/-/esrecurse-4.3.0.tgz. Extracting by manifest.
396 silly tarball no local data for esrap@https://registry.npmjs.org/esrap/-/esrap-2.3.7.tgz. Extracting by manifest.
397 silly tarball no local data for espree@https://registry.npmjs.org/espree/-/espree-11.2.0.tgz. Extracting by manifest.
398 silly tarball no local data for esm-env@https://registry.npmjs.org/esm-env/-/esm-env-1.2.2.tgz. Extracting by manifest.
399 silly tarball no local data for esquery@https://registry.npmjs.org/esquery/-/esquery-1.7.0.tgz. Extracting by manifest.
400 silly tarball no local data for eslint-visitor-keys@https://registry.npmjs.org/eslint-visitor-keys/-/eslint-visitor-keys-5.0.1.tgz. Extracting by manifest.
401 silly tarball no local data for eslint-scope@https://registry.npmjs.org/eslint-scope/-/eslint-scope-9.1.2.tgz. Extracting by manifest.
402 silly tarball no local data for eslint-config-prettier@https://registry.npmjs.org/eslint-config-prettier/-/eslint-config-prettier-10.1.8.tgz. Extracting by manifest.
403 silly tarball no local data for eslint@https://registry.npmjs.org/eslint/-/eslint-10.10.0.tgz. Extracting by manifest.
404 silly tarball no local data for eslint-plugin-svelte@https://registry.npmjs.org/eslint-plugin-svelte/-/eslint-plugin-svelte-3.23.0.tgz. Extracting by manifest.
405 silly tarball no local data for es-module-lexer@https://registry.npmjs.org/es-module-lexer/-/es-module-lexer-2.3.2.tgz. Extracting by manifest.
406 silly tarball no local data for eciesjs@https://registry.npmjs.org/eciesjs/-/eciesjs-0.5.0.tgz. Extracting by manifest.
407 silly tarball no local data for escape-string-regexp@https://registry.npmjs.org/escape-string-regexp/-/escape-string-regexp-4.0.0.tgz. Extracting by manifest.
408 silly tarball no local data for devalue@https://registry.npmjs.org/devalue/-/devalue-5.9.2.tgz. Extracting by manifest.
409 silly tarball no local data for detect-libc@https://registry.npmjs.org/detect-libc/-/detect-libc-2.1.2.tgz. Extracting by manifest.
410 silly tarball no local data for deepmerge@https://registry.npmjs.org/deepmerge/-/deepmerge-4.3.1.tgz. Extracting by manifest.
411 silly tarball no local data for debug@https://registry.npmjs.org/debug/-/debug-4.4.3.tgz. Extracting by manifest.
412 silly tarball no local data for cssesc@https://registry.npmjs.org/cssesc/-/cssesc-3.0.0.tgz. Extracting by manifest.
413 silly tarball no local data for deep-is@https://registry.npmjs.org/deep-is/-/deep-is-0.1.4.tgz. Extracting by manifest.
414 silly tarball no local data for cross-spawn@https://registry.npmjs.org/cross-spawn/-/cross-spawn-7.0.6.tgz. Extracting by manifest.
415 silly tarball no local data for cookie@https://registry.npmjs.org/cookie/-/cookie-0.6.0.tgz. Extracting by manifest.
416 silly tarball no local data for clsx@https://registry.npmjs.org/clsx/-/clsx-2.1.1.tgz. Extracting by manifest.
417 silly tarball no local data for chai@https://registry.npmjs.org/chai/-/chai-6.2.2.tgz. Extracting by manifest.
418 silly tarball no local data for cacheable@https://registry.npmjs.org/cacheable/-/cacheable-2.5.0.tgz. Extracting by manifest.
419 silly tarball no local data for chokidar@https://registry.npmjs.org/chokidar/-/chokidar-4.0.3.tgz. Extracting by manifest.
420 silly tarball no local data for brace-expansion@https://registry.npmjs.org/brace-expansion/-/brace-expansion-5.0.9.tgz. Extracting by manifest.
421 silly tarball no local data for axobject-query@https://registry.npmjs.org/axobject-query/-/axobject-query-4.1.0.tgz. Extracting by manifest.
422 silly tarball no local data for balanced-match@https://registry.npmjs.org/balanced-match/-/balanced-match-4.0.4.tgz. Extracting by manifest.
423 silly tarball no local data for aria-query@https://registry.npmjs.org/aria-query/-/aria-query-5.3.1.tgz. Extracting by manifest.
424 silly tarball no local data for assertion-error@https://registry.npmjs.org/assertion-error/-/assertion-error-2.0.1.tgz. Extracting by manifest.
425 silly tarball no local data for ajv@https://registry.npmjs.org/ajv/-/ajv-6.15.0.tgz. Extracting by manifest.
426 silly tarball no local data for acorn-jsx@https://registry.npmjs.org/acorn-jsx/-/acorn-jsx-5.3.2.tgz. Extracting by manifest.
427 silly tarball no local data for acorn@https://registry.npmjs.org/acorn/-/acorn-8.18.0.tgz. Extracting by manifest.
428 silly tarball no local data for @vitest/mocker@https://registry.npmjs.org/@vitest/mocker/-/mocker-5.0.0.tgz. Extracting by manifest.
429 silly tarball no local data for @typescript-eslint/visitor-keys@https://registry.npmjs.org/@typescript-eslint/visitor-keys/-/visitor-keys-8.70.0.tgz. Extracting by manifest.
430 silly tarball no local data for @vitest/spy@https://registry.npmjs.org/@vitest/spy/-/spy-5.0.0.tgz. Extracting by manifest.
431 silly tarball no local data for @typescript-eslint/utils@https://registry.npmjs.org/@typescript-eslint/utils/-/utils-8.70.0.tgz. Extracting by manifest.
432 silly tarball no local data for @typescript-eslint/typescript-estree@https://registry.npmjs.org/@typescript-eslint/typescript-estree/-/typescript-estree-8.70.0.tgz. Extracting by manifest.
433 silly tarball no local data for @typescript-eslint/types@https://registry.npmjs.org/@typescript-eslint/types/-/types-8.70.0.tgz. Extracting by manifest.
434 silly tarball no local data for @typescript-eslint/tsconfig-utils@https://registry.npmjs.org/@typescript-eslint/tsconfig-utils/-/tsconfig-utils-8.70.0.tgz. Extracting by manifest.
435 silly tarball no local data for @typescript-eslint/type-utils@https://registry.npmjs.org/@typescript-eslint/type-utils/-/type-utils-8.70.0.tgz. Extracting by manifest.
436 silly tarball no local data for @typescript-eslint/scope-manager@https://registry.npmjs.org/@typescript-eslint/scope-manager/-/scope-manager-8.70.0.tgz. Extracting by manifest.
437 silly tarball no local data for @typescript-eslint/project-service@https://registry.npmjs.org/@typescript-eslint/project-service/-/project-service-8.70.0.tgz. Extracting by manifest.
438 silly tarball no local data for @typescript-eslint/parser@https://registry.npmjs.org/@typescript-eslint/parser/-/parser-8.70.0.tgz. Extracting by manifest.
439 silly tarball no local data for @types/node@https://registry.npmjs.org/@types/node/-/node-24.13.4.tgz. Extracting by manifest.
440 silly tarball no local data for @typescript-eslint/eslint-plugin@https://registry.npmjs.org/@typescript-eslint/eslint-plugin/-/eslint-plugin-8.70.0.tgz. Extracting by manifest.
441 silly tarball no local data for @types/json-schema@https://registry.npmjs.org/@types/json-schema/-/json-schema-7.0.15.tgz. Extracting by manifest.
442 silly tarball no local data for @types/estree@https://registry.npmjs.org/@types/estree/-/estree-1.0.9.tgz. Extracting by manifest.
443 silly tarball no local data for @types/esrecurse@https://registry.npmjs.org/@types/esrecurse/-/esrecurse-4.3.1.tgz. Extracting by manifest.
444 silly tarball no local data for @types/cookie@https://registry.npmjs.org/@types/cookie/-/cookie-0.6.0.tgz. Extracting by manifest.
445 silly tarball no local data for @types/chai@https://registry.npmjs.org/@types/chai/-/chai-5.2.3.tgz. Extracting by manifest.
446 silly tarball no local data for @types/deep-eql@https://registry.npmjs.org/@types/deep-eql/-/deep-eql-4.0.2.tgz. Extracting by manifest.
447 silly tarball no local data for @sveltejs/vite-plugin-svelte@https://registry.npmjs.org/@sveltejs/vite-plugin-svelte/-/vite-plugin-svelte-7.3.0.tgz. Extracting by manifest.
448 silly tarball no local data for @sveltejs/load-config@https://registry.npmjs.org/@sveltejs/load-config/-/load-config-0.2.3.tgz. Extracting by manifest.
449 silly tarball no local data for @sveltejs/kit@https://registry.npmjs.org/@sveltejs/kit/-/kit-2.70.3.tgz. Extracting by manifest.
450 silly tarball no local data for @sveltejs/acorn-typescript@https://registry.npmjs.org/@sveltejs/acorn-typescript/-/acorn-typescript-1.0.13.tgz. Extracting by manifest.
451 silly tarball no local data for @supabase/supabase-js@https://registry.npmjs.org/@supabase/supabase-js/-/supabase-js-2.116.0.tgz. Extracting by manifest.
452 silly tarball no local data for @supabase/storage-js@https://registry.npmjs.org/@supabase/storage-js/-/storage-js-2.116.0.tgz. Extracting by manifest.
453 silly tarball no local data for @sveltejs/adapter-auto@https://registry.npmjs.org/@sveltejs/adapter-auto/-/adapter-auto-7.0.1.tgz. Extracting by manifest.
454 silly tarball no local data for @supabase/ssr@https://registry.npmjs.org/@supabase/ssr/-/ssr-0.12.7.tgz. Extracting by manifest.
455 silly tarball no local data for @supabase/realtime-js@https://registry.npmjs.org/@supabase/realtime-js/-/realtime-js-2.116.0.tgz. Extracting by manifest.
456 silly tarball no local data for @supabase/postgrest-js@https://registry.npmjs.org/@supabase/postgrest-js/-/postgrest-js-2.116.0.tgz. Extracting by manifest.
457 silly tarball no local data for @supabase/functions-js@https://registry.npmjs.org/@supabase/functions-js/-/functions-js-2.116.0.tgz. Extracting by manifest.
458 silly tarball no local data for @supabase/cli-linux-x64@https://registry.npmjs.org/@supabase/cli-linux-x64/-/cli-linux-x64-2.117.0.tgz. Extracting by manifest.
459 silly tarball no local data for @supabase/phoenix@https://registry.npmjs.org/@supabase/phoenix/-/phoenix-0.4.5.tgz. Extracting by manifest.
460 silly tarball no local data for @supabase/auth-js@https://registry.npmjs.org/@supabase/auth-js/-/auth-js-2.116.0.tgz. Extracting by manifest.
461 silly tarball no local data for @standard-schema/spec@https://registry.npmjs.org/@standard-schema/spec/-/spec-1.1.0.tgz. Extracting by manifest.
462 silly tarball no local data for @rolldown/pluginutils@https://registry.npmjs.org/@rolldown/pluginutils/-/pluginutils-1.0.1.tgz. Extracting by manifest.
463 silly tarball no local data for @polka/url@https://registry.npmjs.org/@polka/url/-/url-1.0.0-next.29.tgz. Extracting by manifest.
464 silly tarball no local data for @rolldown/binding-linux-x64-gnu@https://registry.npmjs.org/@rolldown/binding-linux-x64-gnu/-/binding-linux-x64-gnu-1.2.8.tgz. Extracting by manifest.
465 silly tarball no local data for @oxc-project/types@https://registry.npmjs.org/@oxc-project/types/-/types-0.149.0.tgz. Extracting by manifest.
466 silly tarball no local data for @noble/hashes@https://registry.npmjs.org/@noble/hashes/-/hashes-1.8.0.tgz. Extracting by manifest.
467 silly tarball no local data for @noble/curves@https://registry.npmjs.org/@noble/curves/-/curves-1.9.7.tgz. Extracting by manifest.
468 silly tarball no local data for @keyv/serialize@https://registry.npmjs.org/@keyv/serialize/-/serialize-1.1.1.tgz. Extracting by manifest.
469 silly tarball no local data for @keyv/bigmap@https://registry.npmjs.org/@keyv/bigmap/-/bigmap-1.3.1.tgz. Extracting by manifest.
470 silly tarball no local data for @jridgewell/trace-mapping@https://registry.npmjs.org/@jridgewell/trace-mapping/-/trace-mapping-0.3.31.tgz. Extracting by manifest.
471 silly tarball no local data for @noble/ciphers@https://registry.npmjs.org/@noble/ciphers/-/ciphers-1.3.0.tgz. Extracting by manifest.
472 silly tarball no local data for @jridgewell/sourcemap-codec@https://registry.npmjs.org/@jridgewell/sourcemap-codec/-/sourcemap-codec-1.6.0.tgz. Extracting by manifest.
473 silly tarball no local data for @jridgewell/resolve-uri@https://registry.npmjs.org/@jridgewell/resolve-uri/-/resolve-uri-3.1.2.tgz. Extracting by manifest.
474 silly tarball no local data for @jridgewell/remapping@https://registry.npmjs.org/@jridgewell/remapping/-/remapping-2.3.5.tgz. Extracting by manifest.
475 silly tarball no local data for @humanwhocodes/retry@https://registry.npmjs.org/@humanwhocodes/retry/-/retry-0.4.3.tgz. Extracting by manifest.
476 silly tarball no local data for @humanwhocodes/module-importer@https://registry.npmjs.org/@humanwhocodes/module-importer/-/module-importer-1.0.1.tgz. Extracting by manifest.
477 silly tarball no local data for @jridgewell/gen-mapping@https://registry.npmjs.org/@jridgewell/gen-mapping/-/gen-mapping-0.3.13.tgz. Extracting by manifest.
478 silly tarball no local data for @humanfs/types@https://registry.npmjs.org/@humanfs/types/-/types-0.15.0.tgz. Extracting by manifest.
479 silly tarball no local data for @humanfs/node@https://registry.npmjs.org/@humanfs/node/-/node-0.16.8.tgz. Extracting by manifest.
480 silly tarball no local data for @humanfs/core@https://registry.npmjs.org/@humanfs/core/-/core-0.19.2.tgz. Extracting by manifest.
481 silly tarball no local data for @eslint/object-schema@https://registry.npmjs.org/@eslint/object-schema/-/object-schema-3.0.5.tgz. Extracting by manifest.
482 silly tarball no local data for @eslint/js@https://registry.npmjs.org/@eslint/js/-/js-10.0.1.tgz. Extracting by manifest.
483 silly tarball no local data for @eslint/plugin-kit@https://registry.npmjs.org/@eslint/plugin-kit/-/plugin-kit-0.7.3.tgz. Extracting by manifest.
484 silly tarball no local data for @eslint/config-helpers@https://registry.npmjs.org/@eslint/config-helpers/-/config-helpers-0.7.0.tgz. Extracting by manifest.
485 silly tarball no local data for @eslint/core@https://registry.npmjs.org/@eslint/core/-/core-1.2.1.tgz. Extracting by manifest.
486 silly tarball no local data for @eslint/config-array@https://registry.npmjs.org/@eslint/config-array/-/config-array-0.23.5.tgz. Extracting by manifest.
487 silly tarball no local data for @eslint-community/eslint-utils@https://registry.npmjs.org/@eslint-community/eslint-utils/-/eslint-utils-4.10.1.tgz. Extracting by manifest.
488 silly tarball no local data for @eslint-community/regexpp@https://registry.npmjs.org/@eslint-community/regexpp/-/regexpp-4.12.2.tgz. Extracting by manifest.
489 silly tarball no local data for @ecies/ciphers@https://registry.npmjs.org/@ecies/ciphers/-/ciphers-0.2.6.tgz. Extracting by manifest.
490 silly tarball no local data for @cacheable/utils@https://registry.npmjs.org/@cacheable/utils/-/utils-2.5.0.tgz. Extracting by manifest.
491 silly tarball no local data for @cacheable/memory@https://registry.npmjs.org/@cacheable/memory/-/memory-2.2.0.tgz. Extracting by manifest.
492 silly tarball no local data for magic-string@https://registry.npmjs.org/magic-string/-/magic-string-1.3.1.tgz. Extracting by manifest.
493 silly tarball no local data for eslint-visitor-keys@https://registry.npmjs.org/eslint-visitor-keys/-/eslint-visitor-keys-4.2.1.tgz. Extracting by manifest.
494 silly tarball no local data for espree@https://registry.npmjs.org/espree/-/espree-10.4.0.tgz. Extracting by manifest.
495 silly tarball no local data for eslint-scope@https://registry.npmjs.org/eslint-scope/-/eslint-scope-8.4.0.tgz. Extracting by manifest.
496 silly tarball no local data for yaml@https://registry.npmjs.org/yaml/-/yaml-1.10.3.tgz. Extracting by manifest.
497 silly tarball no local data for hookified@https://registry.npmjs.org/hookified/-/hookified-2.2.0.tgz. Extracting by manifest.
498 silly tarball no local data for globals@https://registry.npmjs.org/globals/-/globals-16.5.0.tgz. Extracting by manifest.
499 silly tarball no local data for magic-string@https://registry.npmjs.org/magic-string/-/magic-string-1.3.1.tgz. Extracting by manifest.
500 silly tarball no local data for ignore@https://registry.npmjs.org/ignore/-/ignore-7.0.9.tgz. Extracting by manifest.
501 silly tarball no local data for magic-string@https://registry.npmjs.org/magic-string/-/magic-string-1.3.1.tgz. Extracting by manifest.
502 silly tarball no local data for eslint-visitor-keys@https://registry.npmjs.org/eslint-visitor-keys/-/eslint-visitor-keys-3.4.3.tgz. Extracting by manifest.
503 silly tarball no local data for cookie@https://registry.npmjs.org/cookie/-/cookie-1.1.1.tgz. Extracting by manifest.
504 http fetch GET 200 https://registry.npmjs.org/node-bin-setup/-/node-bin-setup-1.1.4.tgz 197ms (cache miss)
505 http fetch GET 200 https://registry.npmjs.org/node/-/node-22.14.0.tgz 196ms (cache miss)
506 http fetch GET 200 https://registry.npmjs.org/why-is-node-running/-/why-is-node-running-2.3.0.tgz 197ms (cache miss)
507 http fetch GET 200 https://registry.npmjs.org/yocto-queue/-/yocto-queue-0.1.0.tgz 197ms (cache miss)
508 http fetch GET 200 https://registry.npmjs.org/which/-/which-2.0.2.tgz 197ms (cache miss)
509 http fetch GET 200 https://registry.npmjs.org/zimmerframe/-/zimmerframe-1.1.5.tgz 198ms (cache miss)
510 http fetch GET 200 https://registry.npmjs.org/vitefu/-/vitefu-1.1.3.tgz 198ms (cache miss)
511 http fetch GET 200 https://registry.npmjs.org/word-wrap/-/word-wrap-1.2.5.tgz 199ms (cache miss)
512 http fetch GET 200 https://registry.npmjs.org/util-deprecate/-/util-deprecate-1.0.2.tgz 213ms (cache miss)
513 http fetch POST 200 https://registry.npmjs.org/-/npm/v1/security/advisories/bulk 274ms
514 silly audit report {
514 silly audit report   cookie: [
514 silly audit report     {
514 silly audit report       id: 1103907,
514 silly audit report       url: 'https://github.com/advisories/GHSA-pxg6-pf52-xh8x',
514 silly audit report       title: 'cookie accepts cookie name, path, and domain with out of bounds characters',
514 silly audit report       severity: 'low',
514 silly audit report       vulnerable_versions: '<0.7.0',
514 silly audit report       cwe: [Array],
514 silly audit report       cvss: [Object]
514 silly audit report     }
514 silly audit report   ]
514 silly audit report }
515 silly packumentCache corgi:https://registry.npmjs.org/cookie cache-miss
516 http fetch GET 200 https://registry.npmjs.org/totalist/-/totalist-3.0.1.tgz 241ms (cache miss)
517 http fetch GET 200 https://registry.npmjs.org/type-check/-/type-check-0.4.0.tgz 243ms (cache miss)
518 http fetch GET 200 https://registry.npmjs.org/tinyglobby/-/tinyglobby-0.2.17.tgz 247ms (cache miss)
519 http fetch GET 200 https://registry.npmjs.org/tinyexec/-/tinyexec-1.3.0.tgz 248ms (cache miss)
520 http fetch GET 200 https://registry.npmjs.org/typescript-eslint/-/typescript-eslint-8.70.0.tgz 252ms (cache miss)
521 http fetch GET 200 https://registry.npmjs.org/undici-types/-/undici-types-7.18.2.tgz 259ms (cache miss)
522 http fetch GET 200 https://registry.npmjs.org/tslib/-/tslib-2.8.1.tgz 258ms (cache miss)
523 http fetch GET 200 https://registry.npmjs.org/tinybench/-/tinybench-6.1.4.tgz 258ms (cache miss)
524 http fetch GET 200 https://registry.npmjs.org/ts-api-utils/-/ts-api-utils-2.5.0.tgz 267ms (cache miss)
525 http fetch GET 200 https://registry.npmjs.org/shebang-regex/-/shebang-regex-3.0.0.tgz 267ms (cache miss)
526 http fetch GET 200 https://registry.npmjs.org/uri-js/-/uri-js-4.4.1.tgz 286ms (cache miss)
527 http fetch GET 200 https://registry.npmjs.org/set-cookie-parser/-/set-cookie-parser-3.1.2.tgz 297ms (cache miss)
528 http fetch GET 200 https://registry.npmjs.org/vite/-/vite-8.3.0.tgz 311ms (cache miss)
529 http fetch GET 200 https://registry.npmjs.org/sirv/-/sirv-3.0.2.tgz 320ms (cache miss)
530 http fetch GET 200 https://registry.npmjs.org/supabase/-/supabase-2.117.0.tgz 330ms (cache miss)
531 http fetch GET 200 https://registry.npmjs.org/semver/-/semver-7.8.5.tgz 342ms (cache miss)
532 http fetch GET 200 https://registry.npmjs.org/punycode/-/punycode-2.3.1.tgz 389ms (cache miss)
533 http fetch GET 200 https://registry.npmjs.org/svelte-eslint-parser/-/svelte-eslint-parser-1.8.1.tgz 401ms (cache miss)
534 http fetch GET 200 https://registry.npmjs.org/vitest/-/vitest-5.0.0.tgz 414ms (cache miss)
535 http fetch GET 200 https://registry.npmjs.org/prettier-plugin-svelte/-/prettier-plugin-svelte-4.1.1.tgz 416ms (cache miss)
536 http fetch GET 200 https://registry.npmjs.org/source-map-js/-/source-map-js-1.2.1.tgz 425ms (cache miss)
537 http fetch GET 200 https://registry.npmjs.org/prelude-ls/-/prelude-ls-1.2.1.tgz 426ms (cache miss)
538 http fetch GET 200 https://registry.npmjs.org/postcss-scss/-/postcss-scss-4.0.9.tgz 434ms (cache miss)
539 http fetch GET 200 https://registry.npmjs.org/postcss-safe-parser/-/postcss-safe-parser-7.1.0.tgz 454ms (cache miss)
540 http fetch GET 200 https://registry.npmjs.org/rolldown/-/rolldown-1.2.8.tgz 458ms (cache miss)
541 http fetch GET 200 https://registry.npmjs.org/postcss-load-config/-/postcss-load-config-3.1.4.tgz 464ms (cache miss)
542 http fetch GET 200 https://registry.npmjs.org/siginfo/-/siginfo-2.0.0.tgz 468ms (cache miss)
543 http fetch GET 200 https://registry.npmjs.org/path-key/-/path-key-3.1.1.tgz 467ms (cache miss)
544 http fetch GET 200 https://registry.npmjs.org/postcss-selector-parser/-/postcss-selector-parser-7.1.6.tgz 471ms (cache miss)
545 http fetch GET 200 https://registry.npmjs.org/picomatch/-/picomatch-4.0.7.tgz 477ms (cache miss)
546 http fetch GET 200 https://registry.npmjs.org/picocolors/-/picocolors-1.1.1.tgz 492ms (cache miss)
547 http fetch GET 200 https://registry.npmjs.org/path-exists/-/path-exists-4.0.0.tgz 497ms (cache miss)
548 http fetch GET 200 https://registry.npmjs.org/p-locate/-/p-locate-5.0.0.tgz 498ms (cache miss)
549 http fetch GET 200 https://registry.npmjs.org/p-limit/-/p-limit-3.1.0.tgz 498ms (cache miss)
550 http fetch GET 200 https://registry.npmjs.org/obug/-/obug-2.2.1.tgz 498ms (cache miss)
551 http fetch GET 200 https://registry.npmjs.org/optionator/-/optionator-0.9.4.tgz 501ms (cache miss)
552 http fetch GET 200 https://registry.npmjs.org/postcss/-/postcss-8.5.28.tgz 503ms (cache miss)
553 http fetch GET 200 https://registry.npmjs.org/nanoid/-/nanoid-3.3.19.tgz 506ms (cache miss)
554 http fetch GET 200 https://registry.npmjs.org/ms/-/ms-2.1.3.tgz 512ms (cache miss)
555 http fetch GET 200 https://registry.npmjs.org/mri/-/mri-1.2.0.tgz 520ms (cache miss)
556 http fetch GET 200 https://registry.npmjs.org/mrmime/-/mrmime-2.0.1.tgz 521ms (cache miss)
557 http fetch GET 200 https://registry.npmjs.org/locate-path/-/locate-path-6.0.0.tgz 527ms (cache miss)
558 http fetch GET 200 https://registry.npmjs.org/lilconfig/-/lilconfig-2.1.0.tgz 537ms (cache miss)
559 http fetch GET 200 https://registry.npmjs.org/magic-string/-/magic-string-0.30.21.tgz 538ms (cache miss)
560 http fetch GET 200 https://registry.npmjs.org/svelte-check/-/svelte-check-4.7.6.tgz 547ms (cache miss)
561 http fetch GET 200 https://registry.npmjs.org/locate-character/-/locate-character-3.0.0.tgz 550ms (cache miss)
562 http fetch GET 200 https://registry.npmjs.org/levn/-/levn-0.4.1.tgz 559ms (cache miss)
563 http fetch GET 200 https://registry.npmjs.org/minimatch/-/minimatch-10.2.6.tgz 564ms (cache miss)
564 http fetch GET 200 https://registry.npmjs.org/lightningcss/-/lightningcss-1.33.0.tgz 568ms (cache miss)
565 http fetch GET 200 https://registry.npmjs.org/known-css-properties/-/known-css-properties-0.37.0.tgz 568ms (cache miss)
566 http fetch GET 200 https://registry.npmjs.org/json-stable-stringify-without-jsonify/-/json-stable-stringify-without-jsonify-1.0.1.tgz 572ms (cache miss)
567 http fetch GET 200 https://registry.npmjs.org/keyv/-/keyv-5.6.0.tgz 573ms (cache miss)
568 http fetch GET 200 https://registry.npmjs.org/kleur/-/kleur-4.1.5.tgz 573ms (cache miss)
569 http fetch GET 200 https://registry.npmjs.org/natural-compare/-/natural-compare-1.4.0.tgz 577ms (cache miss)
570 http fetch GET 200 https://registry.npmjs.org/json-schema-traverse/-/json-schema-traverse-0.4.1.tgz 582ms (cache miss)
571 http fetch GET 200 https://registry.npmjs.org/is-reference/-/is-reference-3.0.3.tgz 586ms (cache miss)
572 http fetch GET 200 https://registry.npmjs.org/is-glob/-/is-glob-4.0.3.tgz 590ms (cache miss)
573 http fetch GET 200 https://registry.npmjs.org/is-extglob/-/is-extglob-2.1.1.tgz 593ms (cache miss)
574 http fetch GET 200 https://registry.npmjs.org/isexe/-/isexe-2.0.0.tgz 598ms (cache miss)
575 http fetch GET 200 https://registry.npmjs.org/imurmurhash/-/imurmurhash-0.1.4.tgz 601ms (cache miss)
576 http fetch GET 200 https://registry.npmjs.org/ignore/-/ignore-5.3.2.tgz 607ms (cache miss)
577 http fetch GET 200 https://registry.npmjs.org/std-env/-/std-env-4.2.0.tgz 641ms (cache miss)
578 http fetch GET 200 https://registry.npmjs.org/globals/-/globals-17.12.0.tgz 633ms (cache miss)
579 http fetch GET 200 https://registry.npmjs.org/iceberg-js/-/iceberg-js-0.8.1.tgz 634ms (cache miss)
580 http fetch GET 200 https://registry.npmjs.org/glob-parent/-/glob-parent-6.0.2.tgz 634ms (cache miss)
581 http fetch GET 200 https://registry.npmjs.org/readdirp/-/readdirp-4.1.2.tgz 643ms (cache miss)
582 http fetch GET 200 https://registry.npmjs.org/sade/-/sade-1.8.1.tgz 643ms (cache miss)
583 http fetch GET 200 https://registry.npmjs.org/flatted/-/flatted-3.4.4.tgz 635ms (cache miss)
584 http fetch GET 200 https://registry.npmjs.org/find-up/-/find-up-5.0.0.tgz 637ms (cache miss)
585 http fetch GET 200 https://registry.npmjs.org/shebang-command/-/shebang-command-2.0.0.tgz 650ms (cache miss)
586 http fetch GET 200 https://registry.npmjs.org/hookified/-/hookified-1.15.1.tgz 644ms (cache miss)
587 http fetch GET 200 https://registry.npmjs.org/flat-cache/-/flat-cache-6.1.23.tgz 647ms (cache miss)
588 http fetch GET 200 https://registry.npmjs.org/hashery/-/hashery-1.5.1.tgz 656ms (cache miss)
589 http fetch GET 200 https://registry.npmjs.org/fdir/-/fdir-6.5.0.tgz 658ms (cache miss)
590 http fetch GET 200 https://registry.npmjs.org/fast-json-stable-stringify/-/fast-json-stable-stringify-2.1.0.tgz 660ms (cache miss)
591 http fetch GET 200 https://registry.npmjs.org/fast-deep-equal/-/fast-deep-equal-3.1.3.tgz 661ms (cache miss)
592 http fetch GET 200 https://registry.npmjs.org/file-entry-cache/-/file-entry-cache-11.1.5.tgz 662ms (cache miss)
593 http fetch GET 200 https://registry.npmjs.org/estree-walker/-/estree-walker-3.0.3.tgz 665ms (cache miss)
594 http fetch GET 200 https://registry.npmjs.org/estraverse/-/estraverse-5.3.0.tgz 667ms (cache miss)
595 http fetch GET 200 https://registry.npmjs.org/esrecurse/-/esrecurse-4.3.0.tgz 667ms (cache miss)
596 http fetch GET 200 https://registry.npmjs.org/expect-type/-/expect-type-1.4.0.tgz 671ms (cache miss)
597 http fetch GET 200 https://registry.npmjs.org/stackback/-/stackback-0.0.2.tgz 684ms (cache miss)
598 http fetch GET 200 https://registry.npmjs.org/esutils/-/esutils-2.0.3.tgz 673ms (cache miss)
599 http fetch GET 200 https://registry.npmjs.org/esm-env/-/esm-env-1.2.2.tgz 679ms (cache miss)
600 http fetch GET 200 https://registry.npmjs.org/esrap/-/esrap-2.3.7.tgz 682ms (cache miss)
601 http fetch GET 200 https://registry.npmjs.org/fast-levenshtein/-/fast-levenshtein-2.0.6.tgz 694ms (cache miss)
602 http fetch GET 200 https://registry.npmjs.org/espree/-/espree-11.2.0.tgz 694ms (cache miss)
603 http fetch GET 200 https://registry.npmjs.org/eslint-visitor-keys/-/eslint-visitor-keys-5.0.1.tgz 693ms (cache miss)
604 http fetch GET 200 https://registry.npmjs.org/eslint-config-prettier/-/eslint-config-prettier-10.1.8.tgz 697ms (cache miss)
605 http fetch GET 200 https://registry.npmjs.org/eslint-scope/-/eslint-scope-9.1.2.tgz 703ms (cache miss)
606 http fetch GET 200 https://registry.npmjs.org/escape-string-regexp/-/escape-string-regexp-4.0.0.tgz 702ms (cache miss)
607 http fetch GET 200 https://registry.npmjs.org/deepmerge/-/deepmerge-4.3.1.tgz 716ms (cache miss)
608 http fetch GET 200 https://registry.npmjs.org/es-module-lexer/-/es-module-lexer-2.3.2.tgz 717ms (cache miss)
609 http fetch GET 200 https://registry.npmjs.org/eciesjs/-/eciesjs-0.5.0.tgz 717ms (cache miss)
610 http fetch GET 200 https://registry.npmjs.org/devalue/-/devalue-5.9.2.tgz 721ms (cache miss)
611 http fetch GET 200 https://registry.npmjs.org/debug/-/debug-4.4.3.tgz 725ms (cache miss)
612 http fetch GET 200 https://registry.npmjs.org/cssesc/-/cssesc-3.0.0.tgz 726ms (cache miss)
613 http fetch GET 200 https://registry.npmjs.org/deep-is/-/deep-is-0.1.4.tgz 727ms (cache miss)
614 http fetch GET 200 https://registry.npmjs.org/detect-libc/-/detect-libc-2.1.2.tgz 728ms (cache miss)
615 http fetch GET 200 https://registry.npmjs.org/cross-spawn/-/cross-spawn-7.0.6.tgz 730ms (cache miss)
616 http fetch GET 200 https://registry.npmjs.org/cookie/-/cookie-0.6.0.tgz 730ms (cache miss)
617 http fetch GET 200 https://registry.npmjs.org/clsx/-/clsx-2.1.1.tgz 730ms (cache miss)
618 http fetch GET 200 https://registry.npmjs.org/jose/-/jose-6.2.12.tgz 745ms (cache miss)
619 http fetch GET 200 https://registry.npmjs.org/chai/-/chai-6.2.2.tgz 738ms (cache miss)
620 http fetch GET 200 https://registry.npmjs.org/balanced-match/-/balanced-match-4.0.4.tgz 745ms (cache miss)
621 http fetch GET 200 https://registry.npmjs.org/brace-expansion/-/brace-expansion-5.0.9.tgz 746ms (cache miss)
622 http fetch GET 200 https://registry.npmjs.org/chokidar/-/chokidar-4.0.3.tgz 747ms (cache miss)
623 http fetch GET 200 https://registry.npmjs.org/cacheable/-/cacheable-2.5.0.tgz 750ms (cache miss)
624 http fetch GET 200 https://registry.npmjs.org/assertion-error/-/assertion-error-2.0.1.tgz 750ms (cache miss)
625 http fetch GET 200 https://registry.npmjs.org/acorn-jsx/-/acorn-jsx-5.3.2.tgz 750ms (cache miss)
626 http fetch GET 200 https://registry.npmjs.org/@typescript-eslint/visitor-keys/-/visitor-keys-8.70.0.tgz 770ms (cache miss)
627 http fetch GET 200 https://registry.npmjs.org/@vitest/spy/-/spy-5.0.0.tgz 771ms (cache miss)
628 http fetch GET 200 https://registry.npmjs.org/esquery/-/esquery-1.7.0.tgz 782ms (cache miss)
629 http fetch GET 200 https://registry.npmjs.org/@typescript-eslint/project-service/-/project-service-8.70.0.tgz 791ms (cache miss)
630 http fetch GET 200 https://registry.npmjs.org/acorn/-/acorn-8.18.0.tgz 793ms (cache miss)
631 http fetch GET 200 https://registry.npmjs.org/@types/json-schema/-/json-schema-7.0.15.tgz 793ms (cache miss)
632 http fetch GET 200 https://registry.npmjs.org/@typescript-eslint/parser/-/parser-8.70.0.tgz 793ms (cache miss)
633 http fetch GET 200 https://registry.npmjs.org/qified/-/qified-0.10.1.tgz 816ms (cache miss)
634 http fetch GET 200 https://registry.npmjs.org/@types/estree/-/estree-1.0.9.tgz 808ms (cache miss)
635 http fetch GET 200 https://registry.npmjs.org/@types/esrecurse/-/esrecurse-4.3.1.tgz 811ms (cache miss)
636 http fetch GET 200 https://registry.npmjs.org/@types/deep-eql/-/deep-eql-4.0.2.tgz 820ms (cache miss)
637 http fetch GET 200 https://registry.npmjs.org/@types/chai/-/chai-5.2.3.tgz 820ms (cache miss)
638 http fetch GET 200 https://registry.npmjs.org/typescript/-/typescript-6.0.3.tgz 855ms (cache miss)
639 http fetch GET 200 https://registry.npmjs.org/axobject-query/-/axobject-query-4.1.0.tgz 853ms (cache miss)
640 http fetch GET 200 https://registry.npmjs.org/prettier/-/prettier-3.9.6.tgz 872ms (cache miss)
641 http fetch GET 200 https://registry.npmjs.org/@typescript-eslint/utils/-/utils-8.70.0.tgz 857ms (cache miss)
642 http fetch GET 200 https://registry.npmjs.org/ajv/-/ajv-6.15.0.tgz 879ms (cache miss)
643 http fetch GET 200 https://registry.npmjs.org/aria-query/-/aria-query-5.3.1.tgz 883ms (cache miss)
644 http fetch GET 200 https://registry.npmjs.org/svelte/-/svelte-5.57.0.tgz 902ms (cache miss)
645 http fetch GET 200 https://registry.npmjs.org/@types/node/-/node-24.13.4.tgz 919ms (cache miss)
646 http fetch GET 200 https://registry.npmjs.org/eslint-plugin-svelte/-/eslint-plugin-svelte-3.23.0.tgz 937ms (cache miss)
647 http fetch GET 200 https://registry.npmjs.org/@vitest/mocker/-/mocker-5.0.0.tgz 941ms (cache miss)
648 http fetch GET 200 https://registry.npmjs.org/@typescript-eslint/type-utils/-/type-utils-8.70.0.tgz 943ms (cache miss)
649 http fetch GET 200 https://registry.npmjs.org/@typescript-eslint/scope-manager/-/scope-manager-8.70.0.tgz 951ms (cache miss)
650 http fetch GET 200 https://registry.npmjs.org/lightningcss-linux-x64-gnu/-/lightningcss-linux-x64-gnu-1.33.0.tgz 969ms (cache miss)
651 http fetch GET 200 https://registry.npmjs.org/@typescript-eslint/tsconfig-utils/-/tsconfig-utils-8.70.0.tgz 971ms (cache miss)
652 http fetch GET 200 https://registry.npmjs.org/@typescript-eslint/typescript-estree/-/typescript-estree-8.70.0.tgz 984ms (cache miss)
653 http fetch GET 200 https://registry.npmjs.org/eslint/-/eslint-10.10.0.tgz 990ms (cache miss)
654 http fetch GET 200 https://registry.npmjs.org/@typescript-eslint/eslint-plugin/-/eslint-plugin-8.70.0.tgz 985ms (cache miss)
655 http fetch GET 200 https://registry.npmjs.org/@types/cookie/-/cookie-0.6.0.tgz 1020ms (cache miss)
656 http fetch GET 200 https://registry.npmjs.org/@sveltejs/vite-plugin-svelte/-/vite-plugin-svelte-7.3.0.tgz 1033ms (cache miss)
657 http fetch GET 200 https://registry.npmjs.org/@sveltejs/kit/-/kit-2.70.3.tgz 1049ms (cache miss)
658 http fetch GET 200 https://registry.npmjs.org/@standard-schema/spec/-/spec-1.1.0.tgz 1063ms (cache miss)
659 http fetch GET 200 https://registry.npmjs.org/@rolldown/pluginutils/-/pluginutils-1.0.1.tgz 1074ms (cache miss)
660 http fetch GET 200 https://registry.npmjs.org/@polka/url/-/url-1.0.0-next.29.tgz 1111ms (cache miss)
661 http fetch GET 200 https://registry.npmjs.org/@typescript-eslint/types/-/types-8.70.0.tgz 1153ms (cache miss)
662 http fetch GET 200 https://registry.npmjs.org/@sveltejs/load-config/-/load-config-0.2.3.tgz 1217ms (cache miss)
663 http fetch GET 200 https://registry.npmjs.org/@supabase/storage-js/-/storage-js-2.116.0.tgz 1300ms (cache miss)
664 http fetch GET 200 https://registry.npmjs.org/@sveltejs/adapter-auto/-/adapter-auto-7.0.1.tgz 1311ms (cache miss)
665 http fetch GET 200 https://registry.npmjs.org/@supabase/supabase-js/-/supabase-js-2.116.0.tgz 1339ms (cache miss)
666 http fetch GET 200 https://registry.npmjs.org/@oxc-project/types/-/types-0.149.0.tgz 1350ms (cache miss)
667 http fetch GET 200 https://registry.npmjs.org/@supabase/functions-js/-/functions-js-2.116.0.tgz 1363ms (cache miss)
668 http fetch GET 200 https://registry.npmjs.org/@supabase/postgrest-js/-/postgrest-js-2.116.0.tgz 1369ms (cache miss)
669 http fetch GET 200 https://registry.npmjs.org/@jridgewell/resolve-uri/-/resolve-uri-3.1.2.tgz 1396ms (cache miss)
670 http fetch GET 200 https://registry.npmjs.org/@jridgewell/remapping/-/remapping-2.3.5.tgz 1401ms (cache miss)
671 http fetch GET 200 https://registry.npmjs.org/@jridgewell/trace-mapping/-/trace-mapping-0.3.31.tgz 1404ms (cache miss)
672 http fetch GET 200 https://registry.npmjs.org/@jridgewell/sourcemap-codec/-/sourcemap-codec-1.6.0.tgz 1406ms (cache miss)
673 http fetch GET 200 https://registry.npmjs.org/@supabase/phoenix/-/phoenix-0.4.5.tgz 1429ms (cache miss)
674 http fetch GET 200 https://registry.npmjs.org/@humanfs/types/-/types-0.15.0.tgz 1432ms (cache miss)
675 http fetch GET 200 https://registry.npmjs.org/@humanwhocodes/module-importer/-/module-importer-1.0.1.tgz 1440ms (cache miss)
676 http fetch GET 200 https://registry.npmjs.org/@noble/hashes/-/hashes-1.8.0.tgz 1458ms (cache miss)
677 http fetch GET 200 https://registry.npmjs.org/@jridgewell/gen-mapping/-/gen-mapping-0.3.13.tgz 1457ms (cache miss)
678 http fetch GET 200 https://registry.npmjs.org/@keyv/serialize/-/serialize-1.1.1.tgz 1496ms (cache miss)
679 http fetch GET 200 https://registry.npmjs.org/@rolldown/binding-linux-x64-gnu/-/binding-linux-x64-gnu-1.2.8.tgz 1501ms (cache miss)
680 http fetch GET 200 https://registry.npmjs.org/@keyv/bigmap/-/bigmap-1.3.1.tgz 1503ms (cache miss)
681 http fetch GET 200 https://registry.npmjs.org/@supabase/auth-js/-/auth-js-2.116.0.tgz 1507ms (cache miss)
682 http fetch GET 200 https://registry.npmjs.org/@eslint/plugin-kit/-/plugin-kit-0.7.3.tgz 1503ms (cache miss)
683 http fetch GET 200 https://registry.npmjs.org/@eslint/js/-/js-10.0.1.tgz 1541ms (cache miss)
684 http fetch GET 200 https://registry.npmjs.org/@supabase/ssr/-/ssr-0.12.7.tgz 1559ms (cache miss)
685 http fetch GET 200 https://registry.npmjs.org/@eslint-community/eslint-utils/-/eslint-utils-4.10.1.tgz 1704ms (cache miss)
686 http fetch GET 200 https://registry.npmjs.org/@eslint/config-array/-/config-array-0.23.5.tgz 1717ms (cache miss)
687 http fetch GET 200 https://registry.npmjs.org/@eslint/core/-/core-1.2.1.tgz 1730ms (cache miss)
688 http fetch GET 200 https://registry.npmjs.org/@eslint/object-schema/-/object-schema-3.0.5.tgz 1731ms (cache miss)
689 http fetch GET 200 https://registry.npmjs.org/@cacheable/utils/-/utils-2.5.0.tgz 1735ms (cache miss)
690 http fetch GET 200 https://registry.npmjs.org/magic-string/-/magic-string-1.3.1.tgz 1742ms (cache miss)
691 http fetch GET 200 https://registry.npmjs.org/@cacheable/memory/-/memory-2.2.0.tgz 1749ms (cache miss)
692 http fetch GET 200 https://registry.npmjs.org/eslint-visitor-keys/-/eslint-visitor-keys-4.2.1.tgz 1762ms (cache miss)
693 http fetch GET 200 https://registry.npmjs.org/espree/-/espree-10.4.0.tgz 1763ms (cache miss)
694 http fetch GET 200 https://registry.npmjs.org/@eslint-community/regexpp/-/regexpp-4.12.2.tgz 1776ms (cache miss)
695 http fetch GET 200 https://registry.npmjs.org/eslint-scope/-/eslint-scope-8.4.0.tgz 1776ms (cache miss)
696 http fetch GET 200 https://registry.npmjs.org/@noble/curves/-/curves-1.9.7.tgz 1787ms (cache miss)
697 http fetch GET 200 https://registry.npmjs.org/yaml/-/yaml-1.10.3.tgz 1792ms (cache miss)
698 http fetch GET 200 https://registry.npmjs.org/ignore/-/ignore-7.0.9.tgz 1799ms (cache miss)
699 http fetch GET 200 https://registry.npmjs.org/@humanfs/node/-/node-0.16.8.tgz 1807ms (cache miss)
700 http fetch GET 200 https://registry.npmjs.org/@supabase/realtime-js/-/realtime-js-2.116.0.tgz 1814ms (cache miss)
701 http fetch GET 200 https://registry.npmjs.org/eslint-visitor-keys/-/eslint-visitor-keys-3.4.3.tgz 1805ms (cache miss)
702 http fetch GET 200 https://registry.npmjs.org/magic-string/-/magic-string-1.3.1.tgz 1810ms (cache miss)
703 http fetch GET 200 https://registry.npmjs.org/cookie/-/cookie-1.1.1.tgz 1810ms (cache miss)
704 http fetch GET 200 https://registry.npmjs.org/hookified/-/hookified-2.2.0.tgz 1814ms (cache miss)
705 http fetch GET 200 https://registry.npmjs.org/cookie 1631ms (cache miss)
706 silly packumentCache corgi:https://registry.npmjs.org/cookie set size:undefined disposed:false
707 silly packumentCache corgi:https://registry.npmjs.org/@sveltejs%2fkit cache-miss
708 http fetch GET 200 https://registry.npmjs.org/@eslint/config-helpers/-/config-helpers-0.7.0.tgz 1891ms (cache miss)
709 http fetch GET 200 https://registry.npmjs.org/magic-string/-/magic-string-1.3.1.tgz 1899ms (cache miss)
710 http fetch GET 200 https://registry.npmjs.org/@noble/ciphers/-/ciphers-1.3.0.tgz 1935ms (cache miss)
711 http fetch GET 200 https://registry.npmjs.org/@humanfs/core/-/core-0.19.2.tgz 1948ms (cache miss)
712 http fetch GET 200 https://registry.npmjs.org/globals/-/globals-16.5.0.tgz 1958ms (cache miss)
713 http fetch GET 200 https://registry.npmjs.org/@sveltejs/acorn-typescript/-/acorn-typescript-1.0.13.tgz 1969ms (cache miss)
714 http fetch GET 200 https://registry.npmjs.org/@humanwhocodes/retry/-/retry-0.4.3.tgz 1968ms (cache miss)
715 http fetch GET 200 https://registry.npmjs.org/@ecies/ciphers/-/ciphers-0.2.6.tgz 1967ms (cache miss)
716 http fetch GET 200 https://registry.npmjs.org/@sveltejs%2fkit 683ms (cache miss)
717 silly packumentCache corgi:https://registry.npmjs.org/@sveltejs%2fkit set size:undefined disposed:false
718 silly packumentCache corgi:https://registry.npmjs.org/@sveltejs%2fadapter-auto cache-miss
719 http fetch GET 200 https://registry.npmjs.org/@sveltejs%2fadapter-auto 491ms (cache miss)
720 silly packumentCache corgi:https://registry.npmjs.org/@sveltejs%2fadapter-auto set size:undefined disposed:false
721 http fetch GET 200 https://registry.npmjs.org/@supabase/cli-linux-x64/-/cli-linux-x64-2.117.0.tgz 3122ms (cache miss)
722 info run node@22.14.0 preinstall node_modules/node node installArchSpecificPackage
723 info run node@22.14.0 preinstall { code: 0, signal: null }
724 silly ADD node_modules/node-bin-setup
725 silly ADD node_modules/node
726 silly ADD node_modules/zimmerframe
727 silly ADD node_modules/yocto-queue
728 silly ADD node_modules/word-wrap
729 silly ADD node_modules/why-is-node-running
730 silly ADD node_modules/which
731 silly ADD node_modules/vitest
732 silly ADD node_modules/vitest/node_modules/magic-string
733 silly ADD node_modules/vitefu
734 silly ADD node_modules/vite
735 silly ADD node_modules/util-deprecate
736 silly ADD node_modules/uri-js
737 silly ADD node_modules/undici-types
738 silly ADD node_modules/typescript-eslint
739 silly ADD node_modules/typescript
740 silly ADD node_modules/type-check
741 silly ADD node_modules/tslib
742 silly ADD node_modules/ts-api-utils
743 silly ADD node_modules/totalist
744 silly ADD node_modules/tinyglobby
745 silly ADD node_modules/tinyexec
746 silly ADD node_modules/tinybench
747 silly ADD node_modules/svelte-eslint-parser
748 silly ADD node_modules/svelte-eslint-parser/node_modules/espree
749 silly ADD node_modules/svelte-eslint-parser/node_modules/eslint-visitor-keys
750 silly ADD node_modules/svelte-eslint-parser/node_modules/eslint-scope
751 silly ADD node_modules/svelte-check
752 silly ADD node_modules/svelte
753 silly ADD node_modules/supabase
754 silly ADD node_modules/std-env
755 silly ADD node_modules/stackback
756 silly ADD node_modules/source-map-js
757 silly ADD node_modules/sirv
758 silly ADD node_modules/siginfo
759 silly ADD node_modules/shebang-regex
760 silly ADD node_modules/shebang-command
761 silly ADD node_modules/set-cookie-parser
762 silly ADD node_modules/semver
763 silly ADD node_modules/sade
764 silly ADD node_modules/rolldown
765 silly ADD node_modules/readdirp
766 silly ADD node_modules/qified
767 silly ADD node_modules/qified/node_modules/hookified
768 silly ADD node_modules/punycode
769 silly ADD node_modules/prettier-plugin-svelte
770 silly ADD node_modules/prettier
771 silly ADD node_modules/prelude-ls
772 silly ADD node_modules/postcss-selector-parser
773 silly ADD node_modules/postcss-scss
774 silly ADD node_modules/postcss-safe-parser
775 silly ADD node_modules/postcss-load-config
776 silly ADD node_modules/postcss-load-config/node_modules/yaml
777 silly ADD node_modules/postcss
778 silly ADD node_modules/picomatch
779 silly ADD node_modules/picocolors
780 silly ADD node_modules/path-key
781 silly ADD node_modules/path-exists
782 silly ADD node_modules/p-locate
783 silly ADD node_modules/p-limit
784 silly ADD node_modules/optionator
785 silly ADD node_modules/obug
786 silly ADD node_modules/natural-compare
787 silly ADD node_modules/nanoid
788 silly ADD node_modules/ms
789 silly ADD node_modules/mrmime
790 silly ADD node_modules/mri
791 silly ADD node_modules/minimatch
792 silly ADD node_modules/magic-string
793 silly ADD node_modules/locate-path
794 silly ADD node_modules/locate-character
795 silly ADD node_modules/lilconfig
796 silly ADD
797 silly ADD
798 silly ADD
799 silly ADD node_modules/lightningcss-linux-x64-gnu
800 silly ADD
801 silly ADD
802 silly ADD
803 silly ADD
804 silly ADD
805 silly ADD
806 silly ADD
807 silly ADD node_modules/lightningcss
808 silly ADD node_modules/levn
809 silly ADD node_modules/known-css-properties
810 silly ADD node_modules/kleur
811 silly ADD node_modules/keyv
812 silly ADD node_modules/json-stable-stringify-without-jsonify
813 silly ADD node_modules/json-schema-traverse
814 silly ADD node_modules/jose
815 silly ADD node_modules/isexe
816 silly ADD node_modules/is-reference
817 silly ADD node_modules/is-glob
818 silly ADD node_modules/is-extglob
819 silly ADD node_modules/imurmurhash
820 silly ADD node_modules/ignore
821 silly ADD node_modules/iceberg-js
822 silly ADD node_modules/hookified
823 silly ADD node_modules/hashery
824 silly ADD node_modules/globals
825 silly ADD node_modules/glob-parent
826 silly ADD
827 silly ADD node_modules/flatted
828 silly ADD node_modules/flat-cache
829 silly ADD node_modules/find-up
830 silly ADD node_modules/file-entry-cache
831 silly ADD node_modules/fdir
832 silly ADD node_modules/fast-levenshtein
833 silly ADD node_modules/fast-json-stable-stringify
834 silly ADD node_modules/fast-deep-equal
835 silly ADD node_modules/expect-type
836 silly ADD node_modules/esutils
837 silly ADD node_modules/estree-walker
838 silly ADD node_modules/estraverse
839 silly ADD node_modules/esrecurse
840 silly ADD node_modules/esrap
841 silly ADD node_modules/esquery
842 silly ADD node_modules/espree
843 silly ADD node_modules/esm-env
844 silly ADD node_modules/eslint-visitor-keys
845 silly ADD node_modules/eslint-scope
846 silly ADD node_modules/eslint-plugin-svelte
847 silly ADD node_modules/eslint-plugin-svelte/node_modules/globals
848 silly ADD node_modules/eslint-config-prettier
849 silly ADD node_modules/eslint
850 silly ADD node_modules/escape-string-regexp
851 silly ADD node_modules/es-module-lexer
852 silly ADD node_modules/eciesjs
853 silly ADD node_modules/devalue
854 silly ADD node_modules/detect-libc
855 silly ADD node_modules/deepmerge
856 silly ADD node_modules/deep-is
857 silly ADD node_modules/debug
858 silly ADD node_modules/cssesc
859 silly ADD node_modules/cross-spawn
860 silly ADD node_modules/cookie
861 silly ADD node_modules/clsx
862 silly ADD node_modules/chokidar
863 silly ADD node_modules/chai
864 silly ADD node_modules/cacheable
865 silly ADD node_modules/brace-expansion
866 silly ADD node_modules/balanced-match
867 silly ADD node_modules/axobject-query
868 silly ADD node_modules/assertion-error
869 silly ADD node_modules/aria-query
870 silly ADD node_modules/ajv
871 silly ADD node_modules/acorn-jsx
872 silly ADD node_modules/acorn
873 silly ADD node_modules/@vitest/spy
874 silly ADD node_modules/@vitest/mocker
875 silly ADD node_modules/@vitest/mocker/node_modules/magic-string
876 silly ADD node_modules/@typescript-eslint/visitor-keys
877 silly ADD node_modules/@typescript-eslint/utils
878 silly ADD node_modules/@typescript-eslint/typescript-estree
879 silly ADD node_modules/@typescript-eslint/types
880 silly ADD node_modules/@typescript-eslint/type-utils
881 silly ADD node_modules/@typescript-eslint/tsconfig-utils
882 silly ADD node_modules/@typescript-eslint/scope-manager
883 silly ADD node_modules/@typescript-eslint/project-service
884 silly ADD node_modules/@typescript-eslint/parser
885 silly ADD node_modules/@typescript-eslint/eslint-plugin
886 silly ADD node_modules/@typescript-eslint/eslint-plugin/node_modules/ignore
887 silly ADD node_modules/@types/node
888 silly ADD node_modules/@types/json-schema
889 silly ADD node_modules/@types/estree
890 silly ADD node_modules/@types/esrecurse
891 silly ADD node_modules/@types/deep-eql
892 silly ADD node_modules/@types/cookie
893 silly ADD node_modules/@types/chai
894 silly ADD node_modules/@sveltejs/vite-plugin-svelte
895 silly ADD node_modules/@sveltejs/vite-plugin-svelte/node_modules/magic-string
896 silly ADD node_modules/@sveltejs/load-config
897 silly ADD node_modules/@sveltejs/kit
898 silly ADD node_modules/@sveltejs/adapter-auto
899 silly ADD node_modules/@sveltejs/acorn-typescript
900 silly ADD node_modules/@supabase/supabase-js
901 silly ADD node_modules/@supabase/storage-js
902 silly ADD node_modules/@supabase/ssr
903 silly ADD node_modules/@supabase/ssr/node_modules/cookie
904 silly ADD node_modules/@supabase/realtime-js
905 silly ADD node_modules/@supabase/postgrest-js
906 silly ADD node_modules/@supabase/phoenix
907 silly ADD node_modules/@supabase/functions-js
908 silly ADD
909 silly ADD
910 silly ADD
911 silly ADD node_modules/@supabase/cli-linux-x64
912 silly ADD
913 silly ADD
914 silly ADD
915 silly ADD
916 silly ADD node_modules/@supabase/auth-js
917 silly ADD node_modules/@standard-schema/spec
918 silly ADD node_modules/@rolldown/pluginutils
919 silly ADD
920 silly ADD
921 silly ADD
922 silly ADD
923 silly ADD node_modules/@rolldown/binding-linux-x64-gnu
924 silly ADD
925 silly ADD
926 silly ADD
927 silly ADD
928 silly ADD
929 silly ADD
930 silly ADD
931 silly ADD
932 silly ADD
933 silly ADD
934 silly ADD node_modules/@polka/url
935 silly ADD node_modules/@oxc-project/types
936 silly ADD node_modules/@noble/hashes
937 silly ADD node_modules/@noble/curves
938 silly ADD node_modules/@noble/ciphers
939 silly ADD node_modules/@keyv/serialize
940 silly ADD node_modules/@keyv/bigmap
941 silly ADD node_modules/@jridgewell/trace-mapping
942 silly ADD node_modules/@jridgewell/sourcemap-codec
943 silly ADD node_modules/@jridgewell/resolve-uri
944 silly ADD node_modules/@jridgewell/remapping
945 silly ADD node_modules/@jridgewell/gen-mapping
946 silly ADD node_modules/@humanwhocodes/retry
947 silly ADD node_modules/@humanwhocodes/module-importer
948 silly ADD node_modules/@humanfs/types
949 silly ADD node_modules/@humanfs/node
950 silly ADD node_modules/@humanfs/core
951 silly ADD node_modules/@eslint/plugin-kit
952 silly ADD node_modules/@eslint/object-schema
953 silly ADD node_modules/@eslint/js
954 silly ADD node_modules/@eslint/core
955 silly ADD node_modules/@eslint/config-helpers
956 silly ADD node_modules/@eslint/config-array
957 silly ADD node_modules/@eslint-community/regexpp
958 silly ADD node_modules/@eslint-community/eslint-utils
959 silly ADD node_modules/@eslint-community/eslint-utils/node_modules/eslint-visitor-keys
960 silly ADD node_modules/@ecies/ciphers
961 silly ADD node_modules/@cacheable/utils
962 silly ADD node_modules/@cacheable/memory
963 verbose cwd /srv/agent-workspaces/bakery-traceability/p0-svelte-check
964 verbose os Linux 7.0.0-31-generic
965 verbose node v22.19.0
966 verbose npm  v10.9.3
967 verbose exit 0
968 info ok
